Unnamed: 0,City,Customer type,Gender,Product line,Unit price,Quantity,Total,Date,Payment,gross income,Rating,Datetime
0,2,0,0,3,"74,69",7,"548,9715",2019-01-05 00:00:00,2,"26,1415","9,1",2019-01-05 13:08:00
1,1,1,0,0,"15,28",5,"80,22",2019-03-08 00:00:00,0,"3,82","9,6",2019-03-08 10:29:00
2,2,1,1,4,"46,33",7,"340,5255",2019-03-03 00:00:00,1,"16,2155","7,4",2019-03-03 13:23:00
3,2,0,1,3,"58,22",8,"489,048",2019-01-27 00:00:00,2,"23,288","8,4",2019-01-27 20:33:00
4,2,1,1,5,"86,31",7,"634,3785",2019-02-08 00:00:00,2,"30,2085","5,3",2019-02-08 10:37:00
5,1,1,1,0,"85,39",7,"627,6165",2019-03-25 00:00:00,2,"29,8865","4,1",2019-03-25 18:30:00
6,2,0,0,0,"68,84",6,"433,692",2019-02-25 00:00:00,2,"20,652","5,8",2019-02-25 14:36:00
7,1,1,0,4,"73,56",10,"772,38",2019-02-24 00:00:00,2,"36,78",8,2019-02-24 11:38:00
8,2,0,0,3,"36,26",2,"76,146",2019-01-10 00:00:00,1,"3,626","7,2",2019-01-10 17:15:00
9,0,0,0,2,"54,84",3,"172,746",2019-02-20 00:00:00,1,"8,226","5,9",2019-02-20 13:27:00
10,0,0,0,1,"14,48",4,"60,816",2019-02-06 00:00:00,2,"2,896","4,5",2019-02-06 18:07:00
11,0,0,1,0,"25,51",4,"107,142",2019-03-09 00:00:00,0,"5,102","6,8",2019-03-09 17:03:00
12,2,1,0,0,"46,95",5,"246,4875",2019-02-12 00:00:00,2,"11,7375","7,1",2019-02-12 10:25:00
13,2,1,1,2,"43,19",10,"453,495",2019-02-07 00:00:00,2,"21,595","8,2",2019-02-07 16:48:00
14,2,1,0,3,"71,38",10,"749,49",2019-03-29 00:00:00,0,"35,69","5,7",2019-03-29 19:21:00
15,0,0,0,5,"93,72",6,"590,436",2019-01-15 00:00:00,0,"28,116","4,5",2019-01-15 16:19:00
16,2,0,0,3,"68,93",7,"506,6355",2019-03-11 00:00:00,1,"24,1255","4,6",2019-03-11 11:03:00
17,2,1,1,5,"72,61",6,"457,443",2019-01-01 00:00:00,1,"21,783","6,9",2019-01-01 10:39:00
18,2,1,1,2,"54,67",3,"172,2105",2019-01-21 00:00:00,1,"8,2005","8,6",2019-01-21 18:00:00
19,0,1,0,4,"40,3",2,"84,63",2019-03-11 00:00:00,2,"4,03","4,4",2019-03-11 15:30:00
20,1,0,1,0,"86,04",5,"451,71",2019-02-25 00:00:00,2,"21,51","4,8",2019-02-25 11:24:00
21,0,1,1,3,"87,98",3,"277,137",2019-03-05 00:00:00,2,"13,197","5,1",2019-03-05 10:40:00
22,0,1,1,4,"33,2",2,"69,72",2019-03-15 00:00:00,1,"3,32","4,4",2019-03-15 12:20:00
23,2,1,1,0,"34,56",5,"181,44",2019-02-17 00:00:00,2,"8,64","9,9",2019-02-17 11:15:00
24,2,0,1,5,"88,63",3,"279,1845",2019-03-02 00:00:00,2,"13,2945",6,2019-03-02 17:36:00
25,2,0,0,4,"52,59",8,"441,756",2019-03-22 00:00:00,1,"21,036","8,5",2019-03-22 19:20:00
26,0,1,1,1,"33,52",1,"35,196",2019-02-08 00:00:00,0,"1,676","6,7",2019-02-08 15:31:00
27,2,1,0,1,"87,67",2,"184,107",2019-03-10 00:00:00,1,"8,767","7,7",2019-03-10 12:17:00
28,0,1,0,2,"88,36",5,"463,89",2019-01-25 00:00:00,0,"22,09","9,6",2019-01-25 19:48:00
29,2,1,1,3,"24,89",9,"235,2105",2019-03-15 00:00:00,0,"11,2005","7,4",2019-03-15 15:36:00
30,0,1,1,1,"94,13",5,"494,1825",2019-02-25 00:00:00,1,"23,5325","4,8",2019-02-25 19:39:00
31,0,0,1,5,"78,07",9,"737,7615",2019-01-28 00:00:00,0,"35,1315","4,5",2019-01-28 12:43:00
32,0,1,1,5,"83,78",8,"703,752",2019-01-10 00:00:00,0,"33,512","5,1",2019-01-10 14:49:00
33,2,1,1,3,"96,58",2,"202,818",2019-03-15 00:00:00,1,"9,658","5,1",2019-03-15 10:12:00
34,1,0,0,2,"99,42",4,"417,564",2019-02-06 00:00:00,2,"19,884","7,5",2019-02-06 10:42:00
35,1,0,0,5,"68,12",1,"71,526",2019-01-07 00:00:00,2,"3,406","6,8",2019-01-07 12:28:00
36,2,0,1,5,"62,62",5,"328,755",2019-03-10 00:00:00,2,"15,655",7,2019-03-10 19:15:00
37,2,1,0,0,"60,88",9,"575,316",2019-01-15 00:00:00,2,"27,396","4,7",2019-01-15 17:17:00
38,1,1,0,3,"54,92",8,"461,328",2019-03-23 00:00:00,2,"21,968","7,6",2019-03-23 13:24:00
39,0,0,1,4,"30,12",8,"253,008",2019-03-03 00:00:00,0,"12,048","7,7",2019-03-03 13:01:00
40,0,0,0,4,"86,72",1,"91,056",2019-01-17 00:00:00,2,"4,336","7,9",2019-01-17 18:45:00
41,1,0,1,4,"56,11",2,"117,831",2019-02-02 00:00:00,0,"5,611","6,3",2019-02-02 10:11:00
42,0,0,0,5,"69,12",6,"435,456",2019-02-08 00:00:00,0,"20,736","5,6",2019-02-08 13:03:00
43,1,0,0,2,"98,7",8,"829,08",2019-03-04 00:00:00,0,"39,48","7,6",2019-03-04 20:39:00
44,1,0,1,3,"15,37",2,"32,277",2019-03-16 00:00:00,0,"1,537","7,2",2019-03-16 19:47:00
45,0,0,0,0,"93,96",4,"394,632",2019-03-09 00:00:00,0,"18,792","9,5",2019-03-09 18:00:00
46,0,0,1,3,"56,69",9,"535,7205",2019-02-27 00:00:00,1,"25,5105","8,4",2019-02-27 17:24:00
47,0,0,0,2,"20,01",9,"189,0945",2019-02-06 00:00:00,2,"9,0045","4,1",2019-02-06 15:47:00
48,0,0,1,0,"18,93",6,"119,259",2019-02-10 00:00:00,1,"5,679","8,1",2019-02-10 12:45:00
49,1,0,0,1,"82,63",10,"867,615",2019-03-19 00:00:00,2,"41,315","7,9",2019-03-19 17:08:00
50,1,0,1,2,"91,4",7,"671,79",2019-02-03 00:00:00,0,"31,99","9,5",2019-02-03 10:19:00
51,2,0,0,2,"44,59",5,"234,0975",2019-02-10 00:00:00,0,"11,1475","8,5",2019-02-10 15:10:00
52,0,0,0,1,"17,87",4,"75,054",2019-03-22 00:00:00,2,"3,574","6,5",2019-03-22 14:42:00
53,1,0,1,1,"15,43",1,"16,2015",2019-01-25 00:00:00,1,"0,7715","6,1",2019-01-25 15:46:00
54,0,1,1,4,"16,16",2,"33,936",2019-03-07 00:00:00,2,"1,616","6,5",2019-03-07 11:49:00
55,1,1,0,0,"85,98",8,"722,232",2019-02-28 00:00:00,0,"34,392","8,2",2019-02-28 19:01:00
56,2,0,1,4,"44,34",2,"93,114",2019-03-27 00:00:00,0,"4,434","5,8",2019-03-27 11:26:00
57,2,1,1,3,"89,6",8,"752,64",2019-02-07 00:00:00,2,"35,84","6,6",2019-02-07 11:28:00
58,2,0,0,4,"72,35",10,"759,675",2019-01-20 00:00:00,0,"36,175","5,4",2019-01-20 15:55:00
59,1,1,1,0,"30,61",6,"192,843",2019-03-12 00:00:00,0,"9,183","9,3",2019-03-12 20:36:00
60,1,0,0,5,"24,74",3,"77,931",2019-02-15 00:00:00,1,"3,711",10,2019-02-15 17:47:00
61,1,1,1,4,"55,73",6,"351,099",2019-02-24 00:00:00,2,"16,719",7,2019-02-24 10:55:00
62,0,0,0,5,"55,07",9,"520,4115",2019-02-03 00:00:00,2,"24,7815",10,2019-02-03 13:40:00
63,2,0,1,5,"15,81",10,"166,005",2019-03-06 00:00:00,1,"7,905","8,6",2019-03-06 12:27:00
64,0,0,1,3,"75,74",4,"318,108",2019-02-14 00:00:00,0,"15,148","7,6",2019-02-14 14:35:00
65,2,0,1,3,"15,87",10,"166,635",2019-03-13 00:00:00,0,"7,935","5,8",2019-03-13 16:40:00
66,1,1,0,3,"33,47",2,"70,287",2019-02-10 00:00:00,2,"3,347","6,7",2019-02-10 15:43:00
67,0,0,0,1,"97,61",6,"614,943",2019-01-07 00:00:00,2,"29,283","9,9",2019-01-07 15:01:00
68,2,1,1,5,"78,77",10,"827,085",2019-01-24 00:00:00,0,"39,385","6,4",2019-01-24 10:04:00
69,2,0,0,3,"18,33",1,"19,2465",2019-02-02 00:00:00,0,"0,9165","4,3",2019-02-02 18:50:00
70,1,1,1,2,"89,48",10,"939,54",2019-01-06 00:00:00,1,"44,74","9,6",2019-01-06 12:46:00
71,1,1,1,1,"62,12",10,"652,26",2019-02-11 00:00:00,0,"31,06","5,9",2019-02-11 16:19:00
72,0,0,0,2,"48,52",3,"152,838",2019-03-05 00:00:00,2,"7,278",4,2019-03-05 18:17:00
73,1,1,0,0,"75,91",6,"478,233",2019-03-09 00:00:00,0,"22,773","8,7",2019-03-09 18:21:00
74,2,1,1,4,"74,67",9,"705,6315",2019-01-22 00:00:00,2,"33,6015","9,4",2019-01-22 10:55:00
75,1,1,0,0,"41,65",10,"437,325",2019-01-13 00:00:00,1,"20,825","5,4",2019-01-13 17:04:00
76,1,0,1,1,"49,04",9,"463,428",2019-01-09 00:00:00,1,"22,068","8,6",2019-01-09 14:20:00
77,2,0,0,1,"20,01",9,"189,0945",2019-01-12 00:00:00,1,"9,0045","5,7",2019-01-12 15:48:00
78,1,0,0,2,"78,31",10,"822,255",2019-03-05 00:00:00,2,"39,155","6,6",2019-03-05 16:24:00
79,1,1,0,3,"20,38",5,"106,995",2019-01-22 00:00:00,0,"5,095",6,2019-01-22 18:56:00
80,1,1,0,3,"99,19",6,"624,897",2019-01-21 00:00:00,1,"29,757","5,5",2019-01-21 14:42:00
81,0,1,0,2,"96,68",3,"304,542",2019-01-26 00:00:00,2,"14,502","6,4",2019-01-26 19:56:00
82,1,1,1,2,"19,25",8,"161,7",2019-01-23 00:00:00,2,"7,7","6,6",2019-01-23 18:37:00
83,1,0,0,2,"80,36",4,"337,512",2019-02-23 00:00:00,1,"16,072","8,3",2019-02-23 18:45:00
84,1,0,1,5,"48,91",5,"256,7775",2019-03-09 00:00:00,0,"12,2275","6,6",2019-03-09 10:17:00
85,1,1,0,5,"83,06",7,"610,491",2019-03-05 00:00:00,2,"29,071",4,2019-03-05 14:31:00
86,1,1,1,1,"76,52",5,"401,73",2019-03-25 00:00:00,0,"19,13","9,9",2019-03-25 10:23:00
87,2,0,1,2,"49,38",7,"362,943",2019-03-27 00:00:00,1,"17,283","7,3",2019-03-27 20:35:00
88,2,1,1,5,"42,47",1,"44,5935",2019-01-02 00:00:00,0,"2,1235","5,7",2019-01-02 16:57:00
89,0,1,0,3,"76,99",6,"485,037",2019-02-27 00:00:00,0,"23,097","6,1",2019-02-27 17:55:00
90,1,0,0,4,"47,38",4,"198,996",2019-01-23 00:00:00,0,"9,476","7,1",2019-01-23 10:25:00
91,1,1,0,5,"44,86",10,"471,03",2019-01-26 00:00:00,2,"22,43","8,2",2019-01-26 19:54:00
92,2,0,0,5,"21,98",7,"161,553",2019-01-10 00:00:00,2,"7,693","5,1",2019-01-10 16:42:00
93,0,0,1,3,"64,36",9,"608,202",2019-03-12 00:00:00,1,"28,962","8,6",2019-03-12 12:09:00
94,1,1,1,3,"89,75",1,"94,2375",2019-02-06 00:00:00,1,"4,4875","6,6",2019-02-06 20:05:00
95,2,1,1,0,"97,16",1,"102,018",2019-03-08 00:00:00,2,"4,858","7,2",2019-03-08 20:38:00
96,0,1,1,3,"87,87",10,"922,635",2019-03-29 00:00:00,2,"43,935","5,1",2019-03-29 10:25:00
97,1,1,0,0,"12,45",6,"78,435",2019-02-09 00:00:00,0,"3,735","4,1",2019-02-09 13:11:00
98,2,1,1,2,"52,75",3,"166,1625",2019-03-23 00:00:00,2,"7,9125","9,3",2019-03-23 10:16:00
99,0,1,1,4,"82,7",6,"521,01",2019-03-05 00:00:00,0,"24,81","7,4",2019-03-05 18:14:00
100,1,0,1,1,"48,71",1,"51,1455",2019-03-26 00:00:00,0,"2,4355","4,1",2019-03-26 19:20:00
101,1,1,1,1,"78,55",9,"742,2975",2019-03-01 00:00:00,0,"35,3475","7,2",2019-03-01 13:22:00
102,1,1,0,0,"23,07",9,"218,0115",2019-02-01 00:00:00,0,"10,3815","4,9",2019-02-01 11:27:00
103,2,1,1,2,"58,26",6,"367,038",2019-03-28 00:00:00,0,"17,478","9,9",2019-03-28 16:44:00
104,0,1,1,3,"30,35",7,"223,0725",2019-03-19 00:00:00,0,"10,6225",8,2019-03-19 18:19:00
105,2,0,1,0,"88,67",10,"931,035",2019-01-12 00:00:00,2,"44,335","7,3",2019-01-12 14:50:00
106,1,1,1,1,"27,38",6,"172,494",2019-01-05 00:00:00,1,"8,214","7,9",2019-01-05 20:54:00
107,2,1,1,5,"62,13",6,"391,419",2019-03-22 00:00:00,0,"18,639","7,4",2019-03-22 20:19:00
108,1,1,0,2,"33,98",9,"321,111",2019-03-24 00:00:00,0,"15,291","4,2",2019-03-24 10:43:00
109,1,0,1,0,"81,97",10,"860,685",2019-03-03 00:00:00,0,"40,985","9,2",2019-03-03 14:30:00
110,0,0,0,5,"16,49",2,"34,629",2019-02-05 00:00:00,2,"1,649","4,6",2019-02-05 11:32:00
111,1,0,0,3,"98,21",3,"309,3615",2019-02-05 00:00:00,1,"14,7315","7,8",2019-02-05 10:41:00
112,0,1,0,1,"72,84",7,"535,374",2019-02-15 00:00:00,0,"25,494","8,4",2019-02-15 12:44:00
113,2,0,1,4,"58,07",9,"548,7615",2019-01-19 00:00:00,2,"26,1315","4,3",2019-01-19 20:07:00
114,1,0,0,4,"80,79",9,"763,4655",2019-02-01 00:00:00,1,"36,3555","9,5",2019-02-01 20:31:00
115,1,1,0,1,"27,02",3,"85,113",2019-03-02 00:00:00,1,"4,053","7,1",2019-03-02 13:01:00
116,0,0,1,1,"21,94",5,"115,185",2019-03-05 00:00:00,2,"5,485","5,3",2019-03-05 12:29:00
117,0,0,1,1,"51,36",1,"53,928",2019-01-16 00:00:00,2,"2,568","5,2",2019-01-16 15:26:00
118,2,1,0,2,"10,96",10,"115,08",2019-02-02 00:00:00,2,"5,48",6,2019-02-02 20:48:00
119,0,1,1,4,"53,44",2,"112,224",2019-01-20 00:00:00,2,"5,344","4,1",2019-01-20 20:38:00
120,2,1,0,0,"99,56",8,"836,304",2019-02-14 00:00:00,1,"39,824","5,2",2019-02-14 17:03:00
121,1,0,1,5,"57,12",7,"419,832",2019-01-12 00:00:00,1,"19,992","6,5",2019-01-12 12:02:00
122,0,0,1,5,"99,96",9,"944,622",2019-03-09 00:00:00,1,"44,982","4,2",2019-03-09 17:26:00
123,1,0,1,4,"63,91",8,"536,844",2019-03-13 00:00:00,1,"25,564","4,6",2019-03-13 19:52:00
124,0,0,0,1,"56,47",8,"474,348",2019-03-09 00:00:00,2,"22,588","7,3",2019-03-09 14:57:00
125,2,1,0,4,"93,69",7,"688,6215",2019-03-10 00:00:00,1,"32,7915","4,5",2019-03-10 18:44:00
126,2,1,0,5,"32,25",5,"169,3125",2019-01-27 00:00:00,0,"8,0625",9,2019-01-27 13:26:00
127,1,1,0,1,"31,73",9,"299,8485",2019-01-08 00:00:00,1,"14,2785","5,9",2019-01-08 16:17:00
128,1,0,0,2,"68,54",8,"575,736",2019-01-08 00:00:00,2,"27,416","8,5",2019-01-08 15:57:00
129,0,1,0,5,"90,28",9,"853,146",2019-02-08 00:00:00,2,"40,626","7,2",2019-02-08 11:15:00
130,0,1,0,1,"39,62",7,"291,207",2019-01-25 00:00:00,0,"13,867","7,5",2019-01-25 13:18:00
131,2,0,0,5,"92,13",6,"580,419",2019-03-06 00:00:00,0,"27,639","8,3",2019-03-06 20:34:00
132,0,1,0,5,"34,84",4,"146,328",2019-02-10 00:00:00,0,"6,968","7,4",2019-02-10 18:36:00
133,0,0,1,0,"87,45",6,"550,935",2019-02-17 00:00:00,1,"26,235","8,8",2019-02-17 14:40:00
134,1,1,0,3,"81,3",6,"512,19",2019-03-08 00:00:00,2,"24,39","5,3",2019-03-08 16:43:00
135,1,1,1,1,"90,22",3,"284,193",2019-02-18 00:00:00,0,"13,533","6,2",2019-02-18 19:39:00
136,2,1,0,0,"26,31",5,"138,1275",2019-01-18 00:00:00,1,"6,5775","8,8",2019-01-18 20:59:00
137,2,0,0,4,"34,42",6,"216,846",2019-02-18 00:00:00,0,"10,326","9,8",2019-02-18 15:39:00
138,0,1,1,5,"51,91",10,"545,055",2019-02-16 00:00:00,0,"25,955","8,2",2019-02-16 12:21:00
139,2,1,1,5,"72,5",8,609,2019-03-16 00:00:00,2,29,"9,2",2019-03-16 19:25:00
140,1,0,0,5,"89,8",10,"942,9",2019-01-23 00:00:00,1,"44,9","5,4",2019-01-23 13:00:00
141,1,0,1,3,"90,5",10,"950,25",2019-01-25 00:00:00,0,"45,25","8,1",2019-01-25 13:48:00
142,1,0,0,3,"68,6",10,"720,3",2019-02-05 00:00:00,0,"34,3","9,1",2019-02-05 19:57:00
143,1,0,0,2,"30,41",1,"31,9305",2019-02-22 00:00:00,1,"1,5205","8,4",2019-02-22 10:36:00
144,2,1,0,4,"77,95",6,"491,085",2019-01-21 00:00:00,2,"23,385",8,2019-01-21 16:37:00
145,1,1,0,3,"46,26",6,"291,438",2019-03-08 00:00:00,1,"13,878","9,5",2019-03-08 17:11:00
146,2,0,0,1,"30,14",10,"316,47",2019-02-10 00:00:00,2,"15,07","9,2",2019-02-10 12:28:00
147,1,1,1,3,"66,14",4,"277,788",2019-03-19 00:00:00,1,"13,228","5,6",2019-03-19 12:46:00
148,0,0,1,4,"71,86",8,"603,624",2019-03-06 00:00:00,1,"28,744","6,2",2019-03-06 15:07:00
149,2,1,1,3,"32,46",8,"272,664",2019-03-27 00:00:00,1,"12,984","4,9",2019-03-27 13:48:00
150,0,0,0,1,"91,54",4,"384,468",2019-03-23 00:00:00,1,"18,308","4,8",2019-03-23 19:20:00
151,1,0,1,5,"34,56",7,"254,016",2019-03-11 00:00:00,1,"12,096","7,3",2019-03-11 16:07:00
152,2,1,1,1,"83,24",9,"786,618",2019-01-29 00:00:00,1,"37,458","7,4",2019-01-29 11:56:00
153,1,1,0,2,"16,48",6,"103,824",2019-02-07 00:00:00,2,"4,944","9,9",2019-02-07 18:23:00
154,1,1,0,5,"80,97",8,"680,148",2019-01-28 00:00:00,0,"32,388","9,3",2019-01-28 13:05:00
155,2,0,1,2,"92,29",5,"484,5225",2019-02-20 00:00:00,1,"23,0725",9,2019-02-20 15:55:00
156,0,0,1,0,"72,17",1,"75,7785",2019-01-04 00:00:00,0,"3,6085","6,1",2019-01-04 19:40:00
157,0,1,1,4,"50,28",5,"263,97",2019-03-07 00:00:00,2,"12,57","9,7",2019-03-07 13:58:00
158,0,0,1,3,"97,22",9,"918,729",2019-03-30 00:00:00,2,"43,749",6,2019-03-30 14:43:00
159,0,1,1,5,"93,39",6,"588,357",2019-03-27 00:00:00,2,"28,017",10,2019-03-27 19:18:00
160,1,1,0,2,"43,18",8,"362,712",2019-01-19 00:00:00,1,"17,272","8,3",2019-01-19 19:39:00
161,2,1,1,5,"63,69",1,"66,8745",2019-02-25 00:00:00,0,"3,1845",6,2019-02-25 16:21:00
162,2,1,1,2,"45,79",7,"336,5565",2019-03-13 00:00:00,1,"16,0265",7,2019-03-13 19:44:00
163,1,1,1,5,"76,4",2,"160,44",2019-01-30 00:00:00,2,"7,64","6,5",2019-01-30 19:42:00
164,0,1,1,2,"39,9",10,"418,95",2019-02-20 00:00:00,1,"19,95","5,9",2019-02-20 15:24:00
165,0,0,1,3,"42,57",8,"357,588",2019-02-25 00:00:00,2,"17,028","5,6",2019-02-25 14:12:00
166,1,1,1,4,"95,58",10,"1003,59",2019-01-16 00:00:00,0,"47,79","4,8",2019-01-16 13:32:00
167,2,1,1,1,"98,98",10,"1039,29",2019-02-08 00:00:00,1,"49,49","8,7",2019-02-08 16:20:00
168,2,1,1,2,"51,28",6,"323,064",2019-01-19 00:00:00,0,"15,384","6,5",2019-01-19 16:31:00
169,2,0,1,5,"69,52",7,"510,972",2019-02-01 00:00:00,1,"24,332","8,5",2019-02-01 15:10:00
170,2,1,1,3,"70,01",5,"367,5525",2019-01-03 00:00:00,2,"17,5025","5,5",2019-01-03 11:36:00
171,0,0,1,2,"80,05",5,"420,2625",2019-01-26 00:00:00,1,"20,0125","9,4",2019-01-26 12:45:00
172,1,1,1,0,"20,85",8,"175,14",2019-03-03 00:00:00,0,"8,34","6,3",2019-03-03 19:17:00
173,0,0,1,0,"52,89",6,"333,207",2019-01-19 00:00:00,1,"15,867","9,8",2019-01-19 17:34:00
174,0,1,1,2,"19,79",8,"166,236",2019-01-18 00:00:00,2,"7,916","8,7",2019-01-18 12:04:00
175,2,0,1,4,"33,84",9,"319,788",2019-03-21 00:00:00,2,"15,228","8,8",2019-03-21 16:21:00
176,2,0,1,2,"22,17",8,"186,228",2019-03-03 00:00:00,1,"8,868","9,6",2019-03-03 17:01:00
177,1,1,0,1,"22,51",7,"165,4485",2019-02-13 00:00:00,1,"7,8785","4,8",2019-02-13 10:50:00
178,2,1,1,2,"73,88",6,"465,444",2019-03-23 00:00:00,2,"22,164","4,4",2019-03-23 19:16:00
179,1,0,1,3,"86,8",3,"273,42",2019-01-28 00:00:00,2,"13,02","9,9",2019-01-28 16:47:00
180,1,1,1,1,"64,26",7,"472,311",2019-02-09 00:00:00,0,"22,491","5,7",2019-02-09 10:00:00
181,1,0,1,2,"38,47",8,"323,148",2019-01-23 00:00:00,0,"15,388","7,7",2019-01-23 11:51:00
182,2,0,1,5,"15,5",10,"162,75",2019-03-23 00:00:00,2,"7,75",8,2019-03-23 10:55:00
183,1,1,1,3,"34,31",8,"288,204",2019-01-25 00:00:00,2,"13,724","5,7",2019-01-25 15:00:00
184,2,1,0,5,"12,34",7,"90,699",2019-03-04 00:00:00,1,"4,319","6,7",2019-03-04 11:19:00
185,0,0,1,2,"18,08",3,"56,952",2019-03-05 00:00:00,2,"2,712",8,2019-03-05 19:46:00
186,0,0,0,4,"94,49",8,"793,716",2019-03-03 00:00:00,2,"37,796","7,5",2019-03-03 19:00:00
187,0,0,1,4,"46,47",4,"195,174",2019-02-08 00:00:00,0,"9,294",7,2019-02-08 10:53:00
188,2,1,1,4,"74,07",1,"77,7735",2019-02-10 00:00:00,2,"3,7035","9,9",2019-02-10 12:50:00
189,1,1,0,4,"69,81",4,"293,202",2019-01-28 00:00:00,1,"13,962","5,9",2019-01-28 20:50:00
190,0,1,0,4,"77,04",3,"242,676",2019-02-11 00:00:00,1,"11,556","7,2",2019-02-11 10:39:00
191,0,1,0,1,"73,52",2,"154,392",2019-01-15 00:00:00,2,"7,352","4,6",2019-01-15 13:41:00
192,1,1,0,2,"87,8",9,"829,71",2019-03-16 00:00:00,0,"39,51","9,2",2019-03-16 19:08:00
193,0,1,1,4,"25,55",4,"107,31",2019-01-26 00:00:00,2,"5,11","5,7",2019-01-26 20:23:00
194,2,1,1,0,"32,71",5,"171,7275",2019-03-19 00:00:00,1,"8,1775","9,9",2019-03-19 11:30:00
195,1,0,0,1,"74,29",1,"78,0045",2019-01-13 00:00:00,0,"3,7145",5,2019-01-13 19:30:00
196,1,0,1,3,"43,7",2,"91,77",2019-03-26 00:00:00,0,"4,37","4,9",2019-03-26 18:03:00
197,2,1,0,4,"25,29",1,"26,5545",2019-03-23 00:00:00,2,"1,2645","6,1",2019-03-23 10:13:00
198,1,1,1,3,"41,5",4,"174,3",2019-03-12 00:00:00,1,"8,3","8,2",2019-03-12 19:58:00
199,1,0,0,2,"71,39",5,"374,7975",2019-02-17 00:00:00,1,"17,8475","5,5",2019-02-17 19:57:00
200,1,0,0,5,"19,15",6,"120,645",2019-01-29 00:00:00,1,"5,745","6,8",2019-01-29 10:01:00
201,0,0,0,0,"57,49",4,"241,458",2019-03-15 00:00:00,0,"11,498","6,6",2019-03-15 11:57:00
202,1,1,1,0,"61,41",7,"451,3635",2019-01-14 00:00:00,0,"21,4935","9,8",2019-01-14 10:02:00
203,0,0,1,3,"25,9",10,"271,95",2019-02-06 00:00:00,2,"12,95","8,7",2019-02-06 14:51:00
204,0,0,1,4,"17,77",5,"93,2925",2019-02-15 00:00:00,1,"4,4425","5,4",2019-02-15 12:42:00
205,2,1,0,3,"23,03",9,"217,6335",2019-01-03 00:00:00,2,"10,3635","7,9",2019-01-03 12:02:00
206,1,0,0,0,"66,65",9,"629,8425",2019-01-04 00:00:00,1,"29,9925","9,7",2019-01-04 18:19:00
207,1,0,0,4,"28,53",10,"299,565",2019-03-18 00:00:00,2,"14,265","7,8",2019-03-18 17:38:00
208,0,1,0,1,"30,37",3,"95,6655",2019-03-28 00:00:00,2,"4,5555","5,1",2019-03-28 13:41:00
209,0,1,0,0,"99,73",9,"942,4485",2019-03-02 00:00:00,1,"44,8785","6,5",2019-03-02 19:42:00
210,2,1,1,0,"26,23",9,"247,8735",2019-01-25 00:00:00,2,"11,8035","5,9",2019-01-25 20:24:00
211,1,1,0,2,"93,26",9,"881,307",2019-01-16 00:00:00,0,"41,967","8,8",2019-01-16 18:08:00
212,0,1,1,4,"92,36",5,"484,89",2019-03-20 00:00:00,2,"23,09","4,9",2019-03-20 19:17:00
213,0,1,1,5,"46,42",3,"146,223",2019-01-04 00:00:00,1,"6,963","4,4",2019-01-04 13:24:00
214,0,0,0,5,"29,61",7,"217,6335",2019-03-11 00:00:00,0,"10,3635","6,5",2019-03-11 15:53:00
215,2,1,1,4,"18,28",1,"19,194",2019-03-22 00:00:00,1,"0,914","8,3",2019-03-22 15:05:00
216,0,1,0,5,"24,77",5,"130,0425",2019-03-24 00:00:00,0,"6,1925","8,5",2019-03-24 18:27:00
217,2,0,0,0,"94,64",3,"298,116",2019-02-21 00:00:00,0,"14,196","5,5",2019-02-21 16:55:00
218,0,1,1,1,"94,87",8,"796,908",2019-02-12 00:00:00,2,"37,948","8,7",2019-02-12 12:58:00
219,0,1,0,2,"57,34",3,"180,621",2019-03-10 00:00:00,1,"8,601","7,9",2019-03-10 18:59:00
220,0,1,1,0,"45,35",6,"285,705",2019-01-31 00:00:00,2,"13,605","6,1",2019-01-31 13:44:00
221,0,1,1,2,"62,08",7,"456,288",2019-03-06 00:00:00,2,"21,728","5,4",2019-03-06 13:46:00
222,1,1,1,0,"11,81",5,"62,0025",2019-02-17 00:00:00,0,"2,9525","9,4",2019-02-17 18:06:00
223,1,0,0,1,"12,54",1,"13,167",2019-02-21 00:00:00,0,"0,627","8,2",2019-02-21 12:38:00
224,2,1,1,2,"43,25",2,"90,825",2019-03-20 00:00:00,0,"4,325","6,2",2019-03-20 15:56:00
225,1,0,0,5,"87,16",2,"183,036",2019-01-11 00:00:00,1,"8,716","9,7",2019-01-11 14:29:00
226,0,0,1,3,"69,37",9,"655,5465",2019-01-26 00:00:00,2,"31,2165",4,2019-01-26 19:14:00
227,1,0,1,0,"37,06",4,"155,652",2019-01-31 00:00:00,2,"7,412","9,7",2019-01-31 16:24:00
228,0,0,0,0,"90,7",6,"571,41",2019-02-26 00:00:00,0,"27,21","5,3",2019-02-26 10:52:00
229,2,1,0,4,"63,42",8,"532,728",2019-03-11 00:00:00,2,"25,368","7,4",2019-03-11 12:55:00
230,0,1,0,1,"81,37",2,"170,877",2019-01-26 00:00:00,0,"8,137","6,5",2019-01-26 19:28:00
231,0,0,0,0,"10,59",3,"33,3585",2019-03-12 00:00:00,1,"1,5885","8,7",2019-03-12 13:52:00
232,0,1,0,3,"84,09",9,"794,6505",2019-02-11 00:00:00,0,"37,8405",8,2019-02-11 10:54:00
233,0,0,1,1,"73,82",4,"310,044",2019-02-21 00:00:00,0,"14,764","6,7",2019-02-21 18:31:00
234,2,0,1,3,"51,94",10,"545,37",2019-03-09 00:00:00,2,"25,97","6,5",2019-03-09 18:24:00
235,2,1,0,5,"93,14",2,"195,594",2019-01-20 00:00:00,2,"9,314","4,1",2019-01-20 18:09:00
236,1,1,1,3,"17,41",5,"91,4025",2019-01-28 00:00:00,1,"4,3525","4,9",2019-01-28 15:16:00
237,1,0,0,1,"44,22",5,"232,155",2019-03-05 00:00:00,1,"11,055","8,6",2019-03-05 17:07:00
238,0,0,0,0,"13,22",5,"69,405",2019-03-02 00:00:00,0,"3,305","4,3",2019-03-02 19:26:00
239,2,1,1,1,"89,69",1,"94,1745",2019-01-11 00:00:00,2,"4,4845","4,9",2019-01-11 11:20:00
240,2,1,1,2,"24,94",9,"235,683",2019-01-11 00:00:00,1,"11,223","5,6",2019-01-11 16:49:00
241,2,1,1,3,"59,77",2,"125,517",2019-03-11 00:00:00,1,"5,977","5,8",2019-03-11 12:01:00
242,1,0,1,1,"93,2",2,"195,72",2019-02-28 00:00:00,1,"9,32",6,2019-02-28 18:37:00
243,2,0,1,4,"62,65",4,"263,13",2019-01-05 00:00:00,0,"12,53","4,2",2019-01-05 11:25:00
244,0,1,1,4,"93,87",8,"788,508",2019-02-02 00:00:00,1,"37,548","8,3",2019-02-02 18:42:00
245,2,0,1,4,"47,59",8,"399,756",2019-01-01 00:00:00,0,"19,036","5,7",2019-01-01 14:47:00
246,0,0,0,0,"81,4",3,"256,41",2019-02-09 00:00:00,0,"12,21","4,8",2019-02-09 19:43:00
247,2,0,1,1,"17,94",5,"94,185",2019-01-23 00:00:00,2,"4,485","6,8",2019-01-23 14:04:00
248,2,0,1,0,"77,72",4,"326,424",2019-01-07 00:00:00,1,"15,544","8,8",2019-01-07 16:11:00
249,0,1,1,2,"73,06",7,"536,991",2019-01-14 00:00:00,1,"25,571","4,2",2019-01-14 19:06:00
250,0,0,1,2,"46,55",9,"439,8975",2019-02-02 00:00:00,2,"20,9475","6,4",2019-02-02 15:34:00
251,1,0,1,1,"35,19",10,"369,495",2019-03-17 00:00:00,1,"17,595","8,4",2019-03-17 19:06:00
252,1,1,0,5,"14,39",2,"30,219",2019-03-02 00:00:00,1,"1,439","7,2",2019-03-02 19:44:00
253,2,1,1,4,"23,75",4,"99,75",2019-03-16 00:00:00,0,"4,75","5,2",2019-03-16 11:22:00
254,2,0,1,4,"58,9",8,"494,76",2019-01-06 00:00:00,0,"23,56","8,9",2019-01-06 11:23:00
255,0,0,1,1,"32,62",4,"137,004",2019-01-29 00:00:00,0,"6,524",9,2019-01-29 14:12:00
256,2,0,1,0,"66,35",1,"69,6675",2019-01-31 00:00:00,1,"3,3175","9,7",2019-01-31 10:46:00
257,2,0,1,4,"25,91",6,"163,233",2019-02-05 00:00:00,2,"7,773","8,7",2019-02-05 10:16:00
258,2,0,1,0,"32,25",4,"135,45",2019-02-13 00:00:00,2,"6,45","6,5",2019-02-13 12:38:00
259,1,0,1,0,"65,94",4,"276,948",2019-02-07 00:00:00,1,"13,188","6,9",2019-02-07 13:05:00
260,2,1,0,0,"75,06",9,"709,317",2019-03-19 00:00:00,2,"33,777","6,2",2019-03-19 13:25:00
261,1,1,0,1,"16,45",4,"69,09",2019-03-07 00:00:00,2,"3,29","5,6",2019-03-07 14:53:00
262,0,0,0,1,"38,3",4,"160,86",2019-03-13 00:00:00,0,"7,66","5,7",2019-03-13 19:22:00
263,2,0,0,5,"22,24",10,"233,52",2019-02-09 00:00:00,0,"11,12","4,2",2019-02-09 11:00:00
264,0,1,1,5,"54,45",1,"57,1725",2019-02-26 00:00:00,2,"2,7225","7,9",2019-02-26 19:24:00
265,2,0,0,5,"98,4",7,"723,24",2019-03-12 00:00:00,1,"34,44","8,7",2019-03-12 12:43:00
266,1,1,1,4,"35,47",4,"148,974",2019-03-14 00:00:00,1,"7,094","6,9",2019-03-14 17:22:00
267,0,0,0,2,"74,6",10,"783,3",2019-01-08 00:00:00,0,"37,3","9,5",2019-01-08 20:55:00
268,2,0,1,4,"70,74",4,"297,108",2019-01-05 00:00:00,1,"14,148","4,4",2019-01-05 16:05:00
269,2,0,0,4,"35,54",10,"373,17",2019-01-04 00:00:00,2,"17,77",7,2019-01-04 13:34:00
270,0,1,0,5,"67,43",5,"354,0075",2019-03-06 00:00:00,2,"16,8575","6,3",2019-03-06 18:13:00
271,1,0,0,3,"21,12",2,"44,352",2019-01-03 00:00:00,0,"2,112","9,7",2019-01-03 19:17:00
272,2,0,0,4,"21,54",9,"203,553",2019-01-07 00:00:00,1,"9,693","8,8",2019-01-07 11:44:00
273,2,1,0,4,"12,03",2,"25,263",2019-01-27 00:00:00,0,"1,203","5,1",2019-01-27 15:51:00
274,0,1,0,3,"99,71",6,"628,173",2019-02-26 00:00:00,2,"29,913","7,9",2019-02-26 16:52:00
275,0,1,1,1,"47,97",7,"352,5795",2019-01-07 00:00:00,0,"16,7895","6,2",2019-01-07 20:52:00
276,1,0,0,4,"21,82",10,"229,11",2019-01-07 00:00:00,0,"10,91","7,1",2019-01-07 17:36:00
277,1,1,0,1,"95,42",4,"400,764",2019-02-02 00:00:00,2,"19,084","6,4",2019-02-02 13:23:00
278,1,0,1,1,"70,99",10,"745,395",2019-03-20 00:00:00,0,"35,495","5,7",2019-03-20 16:28:00
279,2,0,1,5,"44,02",10,"462,21",2019-03-20 00:00:00,1,"22,01","9,6",2019-03-20 19:57:00
280,2,1,0,4,"69,96",8,"587,664",2019-02-15 00:00:00,1,"27,984","6,4",2019-02-15 17:01:00
281,1,1,1,4,37,1,"38,85",2019-03-06 00:00:00,1,"1,85","7,9",2019-03-06 13:29:00
282,2,1,0,5,"15,34",1,"16,107",2019-01-06 00:00:00,0,"0,767","6,5",2019-01-06 11:09:00
283,2,0,1,3,"99,83",6,"628,929",2019-03-04 00:00:00,2,"29,949","8,5",2019-03-04 15:02:00
284,2,0,0,3,"47,67",4,"200,214",2019-03-12 00:00:00,0,"9,534","9,1",2019-03-12 14:21:00
285,0,1,1,3,"66,68",5,"350,07",2019-02-20 00:00:00,0,"16,67","7,6",2019-02-20 18:01:00
286,1,0,1,4,"74,86",1,"78,603",2019-03-24 00:00:00,0,"3,743","6,9",2019-03-24 14:49:00
287,1,1,0,5,"23,75",9,"224,4375",2019-01-31 00:00:00,0,"10,6875","9,5",2019-01-31 12:02:00
288,0,1,0,2,"48,51",7,"356,5485",2019-01-25 00:00:00,1,"16,9785","5,2",2019-01-25 13:30:00
289,2,0,0,4,"94,88",7,"697,368",2019-02-03 00:00:00,0,"33,208","4,2",2019-02-03 14:38:00
290,0,0,1,0,"40,3",10,"423,15",2019-01-24 00:00:00,1,"20,15",7,2019-01-24 17:37:00
291,1,1,1,0,"27,85",7,"204,6975",2019-03-14 00:00:00,2,"9,7475",6,2019-03-14 17:20:00
292,2,0,0,0,"62,48",1,"65,604",2019-02-18 00:00:00,0,"3,124","4,7",2019-02-18 20:29:00
293,2,0,0,2,"36,36",2,"76,356",2019-01-21 00:00:00,0,"3,636","7,1",2019-01-21 10:00:00
294,0,1,1,3,"18,11",10,"190,155",2019-03-13 00:00:00,2,"9,055","5,9",2019-03-13 11:46:00
295,1,0,0,0,"51,92",5,"272,58",2019-03-03 00:00:00,0,"12,98","7,5",2019-03-03 13:42:00
296,1,1,1,0,"28,84",4,"121,128",2019-03-29 00:00:00,0,"5,768","6,4",2019-03-29 14:44:00
297,2,0,1,4,"78,38",6,"493,794",2019-01-10 00:00:00,2,"23,514","5,8",2019-01-10 14:16:00
298,2,0,1,4,"60,01",4,"252,042",2019-01-25 00:00:00,0,"12,002","4,5",2019-01-25 15:54:00
299,1,0,0,4,"88,61",1,"93,0405",2019-01-19 00:00:00,0,"4,4305","7,7",2019-01-19 10:21:00
300,1,1,1,1,"99,82",2,"209,622",2019-01-02 00:00:00,1,"9,982","6,7",2019-01-02 18:09:00
301,0,0,1,3,"39,01",1,"40,9605",2019-03-12 00:00:00,1,"1,9505","4,7",2019-03-12 16:46:00
302,1,1,1,2,"48,61",1,"51,0405",2019-02-25 00:00:00,0,"2,4305","4,4",2019-02-25 15:31:00
303,2,1,0,0,"51,19",4,"214,998",2019-03-18 00:00:00,1,"10,238","4,7",2019-03-18 17:15:00
304,0,1,0,0,"14,96",8,"125,664",2019-02-23 00:00:00,0,"5,984","8,6",2019-02-23 12:29:00
305,2,0,1,0,"72,2",7,"530,67",2019-03-26 00:00:00,2,"25,27","4,3",2019-03-26 20:14:00
306,2,1,0,5,"40,23",7,"295,6905",2019-03-30 00:00:00,0,"14,0805","9,6",2019-03-30 13:22:00
307,2,0,0,4,"88,79",8,"745,836",2019-02-17 00:00:00,0,"35,516","4,1",2019-02-17 17:09:00
308,2,0,0,0,"26,48",3,"83,412",2019-03-21 00:00:00,2,"3,972","4,7",2019-03-21 10:40:00
309,2,1,0,1,"81,91",2,"172,011",2019-03-05 00:00:00,0,"8,191","7,8",2019-03-05 17:43:00
310,0,0,1,5,"79,93",6,"503,559",2019-01-31 00:00:00,0,"23,979","5,5",2019-01-31 14:04:00
311,1,0,1,1,"69,33",2,"145,593",2019-02-05 00:00:00,2,"6,933","9,7",2019-02-05 19:05:00
312,2,0,0,2,"14,23",5,"74,7075",2019-02-01 00:00:00,1,"3,5575","4,4",2019-02-01 10:08:00
313,2,0,0,3,"15,55",9,"146,9475",2019-03-07 00:00:00,0,"6,9975",5,2019-03-07 13:12:00
314,1,0,0,0,"78,13",10,"820,365",2019-02-10 00:00:00,0,"39,065","4,4",2019-02-10 20:51:00
315,1,0,1,2,"99,37",2,"208,677",2019-02-14 00:00:00,0,"9,937","5,2",2019-02-14 17:29:00
316,1,0,0,2,"21,08",3,"66,402",2019-02-09 00:00:00,0,"3,162","7,3",2019-02-09 10:25:00
317,1,0,1,0,"74,79",5,"392,6475",2019-01-10 00:00:00,0,"18,6975","4,9",2019-01-10 11:34:00
318,1,0,0,3,"29,67",7,"218,0745",2019-03-11 00:00:00,1,"10,3845","8,1",2019-03-11 18:58:00
319,1,0,1,3,"44,07",4,"185,094",2019-02-18 00:00:00,2,"8,814","8,4",2019-02-18 16:28:00
320,1,1,0,2,"22,93",9,"216,6885",2019-02-26 00:00:00,0,"10,3185","5,5",2019-02-26 20:26:00
321,1,1,0,3,"39,42",1,"41,391",2019-01-18 00:00:00,0,"1,971","8,4",2019-01-18 15:08:00
322,2,1,1,3,"15,26",6,"96,138",2019-02-15 00:00:00,2,"4,578","9,8",2019-02-15 18:03:00
323,2,1,0,1,"61,77",5,"324,2925",2019-03-08 00:00:00,0,"15,4425","6,7",2019-03-08 13:21:00
324,2,1,1,4,"21,52",6,"135,576",2019-01-17 00:00:00,1,"6,456","9,4",2019-01-17 12:48:00
325,0,1,1,5,"97,74",4,"410,508",2019-03-12 00:00:00,2,"19,548","6,4",2019-03-12 19:53:00
326,2,0,1,2,"99,78",5,"523,845",2019-03-09 00:00:00,0,"24,945","5,4",2019-03-09 19:09:00
327,1,0,1,2,"94,26",4,"395,892",2019-03-12 00:00:00,0,"18,852","8,6",2019-03-12 16:30:00
328,0,0,1,3,"51,13",4,"214,746",2019-01-25 00:00:00,1,"10,226",4,2019-01-25 10:11:00
329,2,0,1,0,"36,36",4,"152,712",2019-03-25 00:00:00,0,"7,272","7,6",2019-03-25 13:07:00
330,0,1,1,4,"22,02",9,"208,089",2019-02-07 00:00:00,0,"9,909","6,8",2019-02-07 18:48:00
331,2,1,1,2,"32,9",3,"103,635",2019-02-17 00:00:00,1,"4,935","9,1",2019-02-17 17:27:00
332,2,1,1,1,"77,02",5,"404,355",2019-02-03 00:00:00,0,"19,255","5,5",2019-02-03 15:59:00
333,2,0,1,2,"23,48",2,"49,308",2019-03-14 00:00:00,1,"2,348","7,9",2019-03-14 11:21:00
334,1,0,1,5,"14,7",5,"77,175",2019-03-24 00:00:00,2,"3,675","8,5",2019-03-24 13:48:00
335,2,0,0,0,"28,45",5,"149,3625",2019-03-21 00:00:00,1,"7,1125","9,1",2019-03-21 10:17:00
336,2,1,1,1,"76,4",9,"721,98",2019-03-19 00:00:00,2,"34,38","7,5",2019-03-19 15:49:00
337,0,1,0,5,"57,95",6,"365,085",2019-02-24 00:00:00,0,"17,385","5,2",2019-02-24 13:02:00
338,1,1,0,0,"47,65",3,"150,0975",2019-03-28 00:00:00,1,"7,1475","9,5",2019-03-28 12:58:00
339,0,0,0,2,"42,82",9,"404,649",2019-02-05 00:00:00,1,"19,269","8,9",2019-02-05 15:26:00
340,0,0,1,0,"48,09",3,"151,4835",2019-02-10 00:00:00,1,"7,2135","7,8",2019-02-10 18:23:00
341,0,0,0,3,"55,97",7,"411,3795",2019-03-05 00:00:00,2,"19,5895","8,9",2019-03-05 19:06:00
342,0,0,0,3,"76,9",7,"565,215",2019-02-15 00:00:00,0,"26,915","7,7",2019-02-15 20:21:00
343,1,1,0,2,"97,03",5,"509,4075",2019-01-30 00:00:00,2,"24,2575","9,3",2019-01-30 16:24:00
344,2,1,1,5,"44,65",3,"140,6475",2019-02-14 00:00:00,0,"6,6975","6,2",2019-02-14 15:04:00
345,2,1,0,1,"77,93",9,"736,4385",2019-02-27 00:00:00,2,"35,0685","7,6",2019-02-27 16:10:00
346,2,0,1,0,"71,95",1,"75,5475",2019-02-04 00:00:00,0,"3,5975","7,3",2019-02-04 12:14:00
347,1,0,0,4,"89,25",8,"749,7",2019-01-20 00:00:00,0,"35,7","4,7",2019-01-20 10:13:00
348,2,1,1,0,"26,02",7,"191,247",2019-03-28 00:00:00,0,"9,107","5,1",2019-03-28 17:38:00
349,0,1,0,3,"13,5",10,"141,75",2019-02-27 00:00:00,1,"6,75","4,8",2019-02-27 11:06:00
350,1,0,0,1,"99,3",10,"1042,65",2019-02-15 00:00:00,1,"49,65","6,6",2019-02-15 14:53:00
351,2,1,1,0,"51,69",7,"379,9215",2019-01-26 00:00:00,0,"18,0915","5,5",2019-01-26 18:22:00
352,0,0,0,1,"54,73",7,"402,2655",2019-03-14 00:00:00,1,"19,1555","8,5",2019-03-14 19:02:00
353,0,0,1,4,27,9,"255,15",2019-03-02 00:00:00,0,"12,15","4,8",2019-03-02 14:16:00
354,1,1,0,0,"30,24",1,"31,752",2019-03-04 00:00:00,0,"1,512","8,4",2019-03-04 15:44:00
355,0,0,0,2,"89,14",4,"374,388",2019-01-07 00:00:00,1,"17,828","7,8",2019-01-07 12:20:00
356,1,1,0,1,"37,55",10,"394,275",2019-03-08 00:00:00,1,"18,775","9,3",2019-03-08 20:01:00
357,1,1,0,5,"95,44",10,"1002,12",2019-01-09 00:00:00,0,"47,72","5,2",2019-01-09 13:45:00
358,0,1,1,0,"27,5",3,"86,625",2019-03-01 00:00:00,2,"4,125","6,5",2019-03-01 15:40:00
359,0,1,1,5,"74,97",1,"78,7185",2019-03-16 00:00:00,0,"3,7485","5,6",2019-03-16 16:58:00
360,2,0,1,2,"80,96",8,"680,064",2019-02-17 00:00:00,1,"32,384","7,4",2019-02-17 11:12:00
361,1,1,0,2,"94,47",8,"793,548",2019-02-27 00:00:00,0,"37,788","9,1",2019-02-27 15:12:00
362,1,1,1,2,"99,79",2,"209,559",2019-03-07 00:00:00,2,"9,979",8,2019-03-07 20:37:00
363,2,1,1,4,"73,22",6,"461,286",2019-01-21 00:00:00,0,"21,966","7,2",2019-01-21 17:44:00
364,1,1,0,2,"41,24",4,"173,208",2019-02-19 00:00:00,0,"8,248","7,1",2019-02-19 16:23:00
365,1,1,0,1,"81,68",4,"343,056",2019-01-06 00:00:00,0,"16,336","9,1",2019-01-06 12:12:00
366,1,1,0,0,"51,32",9,"484,974",2019-03-14 00:00:00,0,"23,094","5,6",2019-03-14 19:33:00
367,2,0,1,4,"65,94",4,"276,948",2019-03-24 00:00:00,0,"13,188",6,2019-03-24 10:29:00
368,1,1,0,5,"14,36",10,"150,78",2019-01-27 00:00:00,0,"7,18","5,4",2019-01-27 14:28:00
369,2,0,1,0,"21,5",9,"203,175",2019-03-06 00:00:00,1,"9,675","7,8",2019-03-06 12:46:00
370,0,0,0,0,"26,26",7,"193,011",2019-02-02 00:00:00,0,"9,191","9,9",2019-02-02 19:40:00
371,0,1,0,1,"60,96",2,"128,016",2019-01-25 00:00:00,1,"6,096","4,9",2019-01-25 19:39:00
372,1,1,0,4,"70,11",6,"441,693",2019-03-14 00:00:00,2,"21,033","5,2",2019-03-14 17:54:00
373,1,1,1,1,"42,08",6,"265,104",2019-01-29 00:00:00,0,"12,624","8,9",2019-01-29 12:25:00
374,2,1,0,4,"67,09",5,"352,2225",2019-01-03 00:00:00,1,"16,7725","9,1",2019-01-03 16:47:00
375,2,0,0,1,"96,7",5,"507,675",2019-01-14 00:00:00,2,"24,175",7,2019-01-14 12:52:00
376,0,0,0,4,"35,38",9,"334,341",2019-01-05 00:00:00,1,"15,921","9,6",2019-01-05 19:50:00
377,1,1,1,5,"95,49",7,"701,8515",2019-02-22 00:00:00,2,"33,4215","8,7",2019-02-22 18:17:00
378,1,0,1,1,"96,98",4,"407,316",2019-02-06 00:00:00,2,"19,396","9,4",2019-02-06 17:20:00
379,0,1,0,0,"23,65",4,"99,33",2019-01-30 00:00:00,1,"4,73",4,2019-01-30 13:32:00
380,2,0,1,5,"82,33",4,"345,786",2019-01-11 00:00:00,1,"16,466","7,5",2019-01-11 10:37:00
381,1,1,0,0,"26,61",2,"55,881",2019-03-19 00:00:00,0,"2,661","4,2",2019-03-19 14:35:00
382,0,1,0,2,"99,69",5,"523,3725",2019-01-14 00:00:00,0,"24,9225","9,9",2019-01-14 12:09:00
383,1,0,0,2,"74,89",4,"314,538",2019-03-01 00:00:00,2,"14,978","4,2",2019-03-01 15:32:00
384,2,1,0,2,"40,94",5,"214,935",2019-01-06 00:00:00,2,"10,235","9,9",2019-01-06 13:58:00
385,0,0,1,5,"75,82",1,"79,611",2019-01-31 00:00:00,0,"3,791","5,8",2019-01-31 13:19:00
386,1,1,1,2,"46,77",6,"294,651",2019-03-11 00:00:00,0,"14,031",6,2019-03-11 13:37:00
387,2,1,0,3,"32,32",10,"339,36",2019-02-20 00:00:00,1,"16,16",10,2019-02-20 16:49:00
388,1,0,0,1,"54,07",9,"510,9615",2019-01-27 00:00:00,2,"24,3315","9,5",2019-01-27 14:55:00
389,0,1,1,2,"18,22",7,"133,917",2019-03-10 00:00:00,1,"6,377","6,6",2019-03-10 14:04:00
390,1,0,0,1,"80,48",3,"253,512",2019-02-15 00:00:00,0,"12,072","8,1",2019-02-15 12:31:00
391,0,1,0,1,"37,95",10,"398,475",2019-01-26 00:00:00,0,"18,975","9,7",2019-01-26 14:51:00
392,2,0,1,0,"76,82",1,"80,661",2019-02-13 00:00:00,2,"3,841","7,2",2019-02-13 18:27:00
393,2,0,0,5,"52,26",10,"548,73",2019-03-09 00:00:00,1,"26,13","6,2",2019-03-09 12:45:00
394,2,1,0,3,"79,74",1,"83,727",2019-03-06 00:00:00,2,"3,987","7,3",2019-03-06 10:36:00
395,2,1,0,3,"77,5",5,"406,875",2019-01-24 00:00:00,2,"19,375","4,3",2019-01-24 20:36:00
396,2,1,0,2,"54,27",5,"284,9175",2019-03-13 00:00:00,2,"13,5675","4,6",2019-03-13 14:16:00
397,0,1,1,4,"13,59",9,"128,4255",2019-03-15 00:00:00,0,"6,1155","5,8",2019-03-15 10:26:00
398,0,0,0,3,"41,06",6,"258,678",2019-03-05 00:00:00,1,"12,318","8,3",2019-03-05 13:30:00
399,0,0,1,0,"19,24",9,"181,818",2019-03-04 00:00:00,0,"8,658",8,2019-03-04 16:28:00
400,1,1,0,2,"39,43",6,"248,409",2019-03-25 00:00:00,1,"11,829","9,4",2019-03-25 20:18:00
401,1,1,1,4,"46,22",4,"194,124",2019-03-12 00:00:00,1,"9,244","6,2",2019-03-12 20:04:00
402,1,0,1,4,"13,98",1,"14,679",2019-02-04 00:00:00,2,"0,699","9,8",2019-02-04 13:38:00
403,0,1,0,1,"39,75",5,"208,6875",2019-02-22 00:00:00,2,"9,9375","9,6",2019-02-22 10:43:00
404,1,0,0,1,"97,79",7,"718,7565",2019-02-16 00:00:00,2,"34,2265","4,9",2019-02-16 17:30:00
405,2,0,1,5,"67,26",4,"282,492",2019-01-19 00:00:00,1,"13,452",8,2019-01-19 15:28:00
406,2,1,1,2,"13,79",5,"72,3975",2019-01-11 00:00:00,1,"3,4475","7,8",2019-01-11 19:07:00
407,0,0,0,1,"68,71",4,"288,582",2019-01-04 00:00:00,0,"13,742","4,1",2019-01-04 19:01:00
408,2,1,0,4,"56,53",4,"237,426",2019-03-04 00:00:00,2,"11,306","5,5",2019-03-04 19:48:00
409,1,1,0,1,"23,82",5,"125,055",2019-01-28 00:00:00,2,"5,955","5,4",2019-01-28 19:24:00
410,0,1,0,3,"34,21",10,"359,205",2019-01-02 00:00:00,0,"17,105","5,1",2019-01-02 13:00:00
411,0,1,1,5,"21,87",2,"45,927",2019-01-25 00:00:00,2,"2,187","6,9",2019-01-25 14:29:00
412,2,0,1,3,"20,97",5,"110,0925",2019-01-04 00:00:00,0,"5,2425","7,8",2019-01-04 13:21:00
413,2,1,1,5,"25,84",3,"81,396",2019-03-10 00:00:00,2,"3,876","6,6",2019-03-10 18:55:00
414,2,1,1,4,"50,93",8,"427,812",2019-03-22 00:00:00,2,"20,372","9,2",2019-03-22 19:36:00
415,0,1,1,3,"96,11",1,"100,9155",2019-01-25 00:00:00,2,"4,8055","7,8",2019-01-25 16:28:00
416,1,1,0,4,"45,38",4,"190,596",2019-01-08 00:00:00,1,"9,076","8,7",2019-01-08 13:48:00
417,1,0,0,3,"81,51",1,"85,5855",2019-01-22 00:00:00,2,"4,0755","9,2",2019-01-22 10:57:00
418,0,1,0,3,"57,22",2,"120,162",2019-01-12 00:00:00,2,"5,722","8,3",2019-01-12 17:13:00
419,2,0,0,0,"25,22",7,"185,367",2019-02-04 00:00:00,0,"8,827","8,2",2019-02-04 10:23:00
420,1,0,0,2,"38,6",3,"121,59",2019-03-28 00:00:00,2,"5,79","7,5",2019-03-28 13:57:00
421,1,1,0,0,"84,05",3,"264,7575",2019-01-23 00:00:00,0,"12,6075","9,8",2019-01-23 13:29:00
422,1,0,0,1,"97,21",10,"1020,705",2019-02-08 00:00:00,1,"48,605","8,7",2019-02-08 13:00:00
423,0,0,1,1,"25,42",8,"213,528",2019-03-19 00:00:00,1,"10,168","6,7",2019-03-19 19:42:00
424,1,1,1,1,"16,28",1,"17,094",2019-03-09 00:00:00,0,"0,814",5,2019-03-09 15:36:00
425,0,0,1,1,"40,61",9,"383,7645",2019-01-02 00:00:00,0,"18,2745",7,2019-01-02 13:40:00
426,2,0,1,3,"53,17",7,"390,7995",2019-01-21 00:00:00,0,"18,6095","8,9",2019-01-21 18:01:00
427,0,0,0,2,"20,87",3,"65,7405",2019-03-20 00:00:00,1,"3,1305",8,2019-03-20 13:53:00
428,0,1,1,5,"67,27",5,"353,1675",2019-02-27 00:00:00,0,"16,8175","6,9",2019-02-27 17:27:00
429,2,0,0,4,"90,65",10,"951,825",2019-03-08 00:00:00,2,"45,325","7,3",2019-03-08 10:53:00
430,0,1,1,1,"69,08",2,"145,068",2019-01-31 00:00:00,1,"6,908","6,9",2019-01-31 19:48:00
431,1,1,1,2,"43,27",2,"90,867",2019-03-08 00:00:00,2,"4,327","5,7",2019-03-08 16:53:00
432,2,1,0,0,"23,46",6,"147,798",2019-01-13 00:00:00,2,"7,038","6,4",2019-01-13 19:14:00
433,0,1,1,1,"95,54",7,"702,219",2019-03-09 00:00:00,1,"33,439","9,6",2019-03-09 14:36:00
434,0,1,0,1,"47,44",1,"49,812",2019-02-22 00:00:00,1,"2,372","6,8",2019-02-22 18:19:00
435,1,1,1,5,"99,24",9,"937,818",2019-03-19 00:00:00,2,"44,658",9,2019-03-19 19:09:00
436,1,0,1,5,"82,93",4,"348,306",2019-01-20 00:00:00,2,"16,586","9,6",2019-01-20 16:51:00
437,2,1,1,4,"33,99",6,"214,137",2019-03-08 00:00:00,1,"10,197","7,7",2019-03-08 15:37:00
438,1,0,1,2,"17,04",4,"71,568",2019-03-08 00:00:00,2,"3,408",7,2019-03-08 20:15:00
439,1,1,0,0,"40,86",8,"343,224",2019-02-07 00:00:00,1,"16,344","6,5",2019-02-07 14:38:00
440,1,0,1,2,"17,44",5,"91,56",2019-01-15 00:00:00,0,"4,36","8,1",2019-01-15 19:25:00
441,0,0,0,5,"88,43",8,"742,812",2019-03-22 00:00:00,1,"35,372","4,3",2019-03-22 19:35:00
442,2,0,0,4,"89,21",9,"843,0345",2019-01-15 00:00:00,1,"40,1445","6,5",2019-01-15 15:42:00
443,1,1,1,1,"12,78",1,"13,419",2019-01-08 00:00:00,2,"0,639","9,5",2019-01-08 14:11:00
444,2,1,0,5,"19,1",7,"140,385",2019-01-15 00:00:00,0,"6,685","9,7",2019-01-15 10:43:00
445,0,0,0,3,"19,15",1,"20,1075",2019-01-28 00:00:00,1,"0,9575","9,5",2019-01-28 17:58:00
446,1,0,1,2,"27,66",10,"290,43",2019-02-14 00:00:00,1,"13,83","8,9",2019-02-14 11:26:00
447,1,1,1,1,"45,74",3,"144,081",2019-03-10 00:00:00,1,"6,861","6,5",2019-03-10 17:38:00
448,0,0,0,3,"27,07",1,"28,4235",2019-01-12 00:00:00,1,"1,3535","5,3",2019-01-12 20:07:00
449,0,0,0,5,"39,12",1,"41,076",2019-03-26 00:00:00,1,"1,956","9,6",2019-03-26 11:02:00
450,0,1,0,0,"74,71",6,"470,673",2019-01-01 00:00:00,0,"22,413","6,7",2019-01-01 19:07:00
451,0,1,1,0,"22,01",6,"138,663",2019-01-02 00:00:00,0,"6,603","7,6",2019-01-02 18:50:00
452,2,1,0,2,"63,61",5,"333,9525",2019-03-16 00:00:00,2,"15,9025","4,8",2019-03-16 12:43:00
453,2,1,1,3,25,1,"26,25",2019-03-03 00:00:00,2,"1,25","5,5",2019-03-03 15:09:00
454,2,0,1,0,"20,77",4,"87,234",2019-01-31 00:00:00,0,"4,154","4,7",2019-01-31 13:47:00
455,0,0,0,1,"29,56",5,"155,19",2019-02-13 00:00:00,0,"7,39","6,9",2019-02-13 16:59:00
456,0,0,0,2,"77,4",9,"731,43",2019-02-15 00:00:00,1,"34,83","4,5",2019-02-15 14:15:00
457,0,1,1,0,"79,39",10,"833,595",2019-02-07 00:00:00,0,"39,695","6,2",2019-02-07 20:24:00
458,1,0,0,0,"46,57",10,"488,985",2019-01-27 00:00:00,0,"23,285","7,6",2019-01-27 13:58:00
459,1,1,1,2,"35,89",1,"37,6845",2019-02-23 00:00:00,1,"1,7945","7,9",2019-02-23 16:52:00
460,1,1,1,2,"40,52",5,"212,73",2019-02-03 00:00:00,0,"10,13","4,5",2019-02-03 15:19:00
461,0,0,0,2,"73,05",10,"767,025",2019-03-03 00:00:00,1,"36,525","8,7",2019-03-03 12:25:00
462,1,1,0,5,"73,95",4,"310,59",2019-02-03 00:00:00,0,"14,79","6,1",2019-02-03 10:02:00
463,1,0,0,2,"22,62",1,"23,751",2019-03-17 00:00:00,0,"1,131","6,4",2019-03-17 18:58:00
464,2,0,1,2,"51,34",5,"269,535",2019-03-28 00:00:00,1,"12,835","9,1",2019-03-28 15:31:00
465,1,0,0,5,"54,55",10,"572,775",2019-03-02 00:00:00,1,"27,275","7,1",2019-03-02 11:22:00
466,1,0,0,3,"37,15",7,"273,0525",2019-02-08 00:00:00,1,"13,0025","7,7",2019-02-08 13:12:00
467,0,1,1,5,"37,02",6,"233,226",2019-03-22 00:00:00,0,"11,106","4,5",2019-03-22 18:33:00
468,1,1,1,2,"21,58",1,"22,659",2019-02-09 00:00:00,2,"1,079","7,2",2019-02-09 10:02:00
469,1,0,0,0,"98,84",1,"103,782",2019-02-15 00:00:00,0,"4,942","8,4",2019-02-15 11:21:00
470,1,0,0,4,"83,77",6,"527,751",2019-01-23 00:00:00,2,"25,131","5,4",2019-01-23 12:10:00
471,2,0,0,5,"40,05",4,"168,21",2019-01-25 00:00:00,0,"8,01","9,7",2019-01-25 11:40:00
472,2,0,1,1,"43,13",10,"452,865",2019-02-02 00:00:00,1,"21,565","5,5",2019-02-02 18:31:00
473,0,0,1,3,"72,57",8,"609,588",2019-03-30 00:00:00,0,"29,028","4,6",2019-03-30 17:58:00
474,2,0,0,0,"64,44",5,"338,31",2019-03-30 00:00:00,0,"16,11","6,6",2019-03-30 17:04:00
475,2,1,1,3,"65,18",3,"205,317",2019-02-25 00:00:00,1,"9,777","6,3",2019-02-25 20:35:00
476,2,1,0,5,"33,26",5,"174,615",2019-03-18 00:00:00,1,"8,315","4,2",2019-03-18 16:10:00
477,1,1,1,0,"84,07",4,"353,094",2019-03-07 00:00:00,2,"16,814","4,4",2019-03-07 16:54:00
478,0,1,1,5,"34,37",10,"360,885",2019-03-16 00:00:00,2,"17,185","6,7",2019-03-16 10:11:00
479,2,1,1,0,"38,6",1,"40,53",2019-01-29 00:00:00,2,"1,93","6,7",2019-01-29 11:26:00
480,1,1,1,2,"65,97",8,"554,148",2019-02-02 00:00:00,0,"26,388","8,4",2019-02-02 20:29:00
481,1,1,0,0,"32,8",10,"344,4",2019-02-15 00:00:00,0,"16,4","6,2",2019-02-15 12:12:00
482,2,1,1,5,"37,14",5,"194,985",2019-01-08 00:00:00,2,"9,285",5,2019-01-08 13:05:00
483,0,0,1,4,"60,38",10,"633,99",2019-02-12 00:00:00,0,"30,19",6,2019-02-12 16:19:00
484,1,0,0,5,"36,98",10,"388,29",2019-01-01 00:00:00,1,"18,49",7,2019-01-01 19:48:00
485,0,0,0,5,"49,49",4,"207,858",2019-03-21 00:00:00,2,"9,898","6,6",2019-03-21 15:25:00
486,0,1,0,1,"41,09",10,"431,445",2019-02-28 00:00:00,0,"20,545","7,3",2019-02-28 14:42:00
487,2,1,1,1,"37,15",4,"156,03",2019-03-23 00:00:00,2,"7,43","8,3",2019-03-23 18:59:00
488,1,1,1,4,"22,96",1,"24,108",2019-01-30 00:00:00,0,"1,148","4,3",2019-01-30 20:47:00
489,0,0,0,4,"77,68",9,"734,076",2019-02-04 00:00:00,2,"34,956","9,8",2019-02-04 13:21:00
490,0,1,0,1,"34,7",2,"72,87",2019-03-13 00:00:00,2,"3,47","8,2",2019-03-13 19:48:00
491,2,0,0,1,"19,66",10,"206,43",2019-03-15 00:00:00,1,"9,83","7,2",2019-03-15 18:20:00
492,0,0,0,3,"25,32",8,"212,688",2019-03-05 00:00:00,2,"10,128","8,7",2019-03-05 20:24:00
493,1,0,0,4,"12,12",10,"127,26",2019-03-05 00:00:00,1,"6,06","8,4",2019-03-05 13:44:00
494,0,1,1,1,"99,89",2,"209,769",2019-02-26 00:00:00,2,"9,989","7,1",2019-02-26 11:48:00
495,0,1,1,5,"75,92",8,"637,728",2019-03-20 00:00:00,0,"30,368","5,5",2019-03-20 14:14:00
496,1,1,0,0,"63,22",2,"132,762",2019-01-01 00:00:00,0,"6,322","8,5",2019-01-01 15:51:00
497,1,1,0,2,"90,24",6,"568,512",2019-01-27 00:00:00,0,"27,072","6,2",2019-01-27 11:17:00
498,0,0,0,5,"98,13",1,"103,0365",2019-01-21 00:00:00,0,"4,9065","8,9",2019-01-21 17:36:00
499,2,0,0,5,"51,52",8,"432,768",2019-02-02 00:00:00,0,"20,608","9,6",2019-02-02 15:47:00
500,0,0,1,5,"73,97",1,"77,6685",2019-02-03 00:00:00,1,"3,6985","5,4",2019-02-03 15:53:00
501,1,0,0,1,"31,9",1,"33,495",2019-01-05 00:00:00,2,"1,595","9,1",2019-01-05 12:40:00
502,1,1,1,4,"69,4",2,"145,74",2019-01-27 00:00:00,2,"6,94",9,2019-01-27 19:48:00
503,0,1,0,5,"93,31",2,"195,951",2019-03-25 00:00:00,0,"9,331","6,3",2019-03-25 17:53:00
504,0,1,1,5,"88,45",1,"92,8725",2019-02-25 00:00:00,1,"4,4225","9,5",2019-02-25 16:36:00
505,2,0,1,0,"24,18",8,"203,112",2019-01-28 00:00:00,2,"9,672","9,8",2019-01-28 20:54:00
506,0,0,0,5,"48,5",3,"152,775",2019-01-08 00:00:00,0,"7,275","6,7",2019-01-08 12:50:00
507,0,1,0,2,"84,05",6,"529,515",2019-01-29 00:00:00,1,"25,215","7,7",2019-01-29 10:48:00
508,0,0,1,3,"61,29",5,"321,7725",2019-03-29 00:00:00,0,"15,3225",7,2019-03-29 14:28:00
509,1,0,0,4,"15,95",6,"100,485",2019-02-09 00:00:00,1,"4,785","5,1",2019-02-09 17:15:00
510,0,0,0,5,"90,74",7,"666,939",2019-01-16 00:00:00,1,"31,759","6,2",2019-01-16 18:03:00
511,2,1,0,4,"42,91",5,"225,2775",2019-01-05 00:00:00,2,"10,7275","6,1",2019-01-05 17:29:00
512,2,1,0,1,"54,28",7,"398,958",2019-01-27 00:00:00,2,"18,998","9,3",2019-01-27 18:05:00
513,2,1,1,0,"99,55",7,"731,6925",2019-03-14 00:00:00,0,"34,8425","7,6",2019-03-14 12:07:00
514,1,0,1,5,"58,39",7,"429,1665",2019-02-23 00:00:00,1,"20,4365","8,2",2019-02-23 19:49:00
515,1,0,0,1,"51,47",1,"54,0435",2019-03-18 00:00:00,2,"2,5735","8,5",2019-03-18 15:52:00
516,0,0,1,3,"54,86",5,"288,015",2019-03-29 00:00:00,2,"13,715","9,8",2019-03-29 16:48:00
517,1,0,1,4,"39,39",5,"206,7975",2019-01-22 00:00:00,1,"9,8475","8,7",2019-01-22 20:46:00
518,2,1,1,4,"34,73",2,"72,933",2019-03-01 00:00:00,2,"3,473","9,7",2019-03-01 18:14:00
519,1,0,1,5,"71,92",5,"377,58",2019-01-17 00:00:00,1,"17,98","4,3",2019-01-17 15:05:00
520,0,1,0,0,"45,71",3,"143,9865",2019-03-26 00:00:00,1,"6,8565","7,7",2019-03-26 10:34:00
521,1,0,0,4,"83,17",6,"523,971",2019-03-20 00:00:00,0,"24,951","7,3",2019-03-20 11:23:00
522,2,0,0,4,"37,44",6,"235,872",2019-02-06 00:00:00,1,"11,232","5,9",2019-02-06 13:55:00
523,1,1,1,3,"62,87",2,"132,027",2019-01-01 00:00:00,0,"6,287",5,2019-01-01 11:43:00
524,2,1,1,2,"81,71",6,"514,773",2019-01-27 00:00:00,1,"24,513",8,2019-01-27 14:36:00
525,2,0,0,5,"91,41",5,"479,9025",2019-02-25 00:00:00,2,"22,8525","7,1",2019-02-25 16:03:00
526,0,1,1,1,"39,21",4,"164,682",2019-01-16 00:00:00,1,"7,842",9,2019-01-16 20:03:00
527,0,0,1,1,"59,86",2,"125,706",2019-01-13 00:00:00,2,"5,986","6,7",2019-01-13 14:55:00
528,0,0,0,2,"54,36",10,"570,78",2019-02-07 00:00:00,1,"27,18","6,1",2019-02-07 11:28:00
529,2,1,1,5,"98,09",9,"926,9505",2019-02-17 00:00:00,0,"44,1405","9,3",2019-02-17 19:41:00
530,2,1,1,3,"25,43",6,"160,209",2019-02-12 00:00:00,2,"7,629",7,2019-02-12 19:01:00
531,2,0,1,1,"86,68",8,"728,112",2019-01-24 00:00:00,1,"34,672","7,2",2019-01-24 18:04:00
532,0,1,1,0,"22,95",10,"240,975",2019-02-06 00:00:00,2,"11,475","8,2",2019-02-06 19:20:00
533,1,1,0,2,"16,31",9,"154,1295",2019-03-26 00:00:00,2,"7,3395","8,4",2019-03-26 10:31:00
534,2,1,0,4,"28,32",5,"148,68",2019-03-11 00:00:00,2,"7,08","6,2",2019-03-11 13:28:00
535,1,1,1,4,"16,67",7,"122,5245",2019-02-07 00:00:00,2,"5,8345","7,4",2019-02-07 11:36:00
536,0,0,0,1,"73,96",1,"77,658",2019-01-05 00:00:00,1,"3,698",5,2019-01-05 11:32:00
537,2,1,1,4,"97,94",1,"102,837",2019-03-07 00:00:00,2,"4,897","6,9",2019-03-07 11:44:00
538,2,1,0,1,"73,05",4,"306,81",2019-02-25 00:00:00,1,"14,61","4,9",2019-02-25 17:16:00
539,1,0,0,2,"87,48",6,"551,124",2019-02-01 00:00:00,2,"26,244","5,1",2019-02-01 18:43:00
540,2,1,1,4,"30,68",3,"96,642",2019-01-22 00:00:00,2,"4,602","9,1",2019-01-22 11:00:00
541,1,0,1,3,"75,88",1,"79,674",2019-01-03 00:00:00,1,"3,794","7,1",2019-01-03 10:30:00
542,0,0,0,5,"20,18",4,"84,756",2019-02-13 00:00:00,1,"4,036",5,2019-02-13 12:14:00
543,1,0,1,0,"18,77",6,"118,251",2019-01-28 00:00:00,1,"5,631","5,5",2019-01-28 16:43:00
544,0,1,0,2,"71,2",1,"74,76",2019-01-05 00:00:00,1,"3,56","9,2",2019-01-05 20:40:00
545,0,0,1,4,"38,81",4,"163,002",2019-03-19 00:00:00,2,"7,762","4,9",2019-03-19 13:40:00
546,2,1,0,1,"29,42",10,"308,91",2019-01-12 00:00:00,2,"14,71","8,9",2019-01-12 16:23:00
547,2,1,1,5,"60,95",9,"575,9775",2019-01-07 00:00:00,1,"27,4275",6,2019-01-07 12:08:00
548,0,1,0,5,"51,54",5,"270,585",2019-01-26 00:00:00,0,"12,885","4,2",2019-01-26 17:45:00
549,2,1,0,0,"66,06",6,"416,178",2019-01-23 00:00:00,0,"19,818","7,3",2019-01-23 10:28:00
550,0,1,1,1,"57,27",3,"180,4005",2019-02-09 00:00:00,2,"8,5905","6,5",2019-02-09 20:31:00
551,0,1,0,1,"54,31",9,"513,2295",2019-02-22 00:00:00,0,"24,4395","8,9",2019-02-22 10:49:00
552,0,1,0,3,"58,24",9,"550,368",2019-02-05 00:00:00,0,"26,208","9,7",2019-02-05 12:34:00
553,1,1,1,0,"22,21",6,"139,923",2019-03-07 00:00:00,1,"6,663","8,6",2019-03-07 10:23:00
554,2,0,1,0,"19,32",7,"142,002",2019-03-25 00:00:00,0,"6,762","6,9",2019-03-25 18:51:00
555,0,1,1,4,"37,48",3,"118,062",2019-01-20 00:00:00,1,"5,622","7,7",2019-01-20 13:45:00
556,0,0,0,1,"72,04",2,"151,284",2019-02-04 00:00:00,0,"7,204","9,5",2019-02-04 19:38:00
557,1,0,0,2,"98,52",10,"1034,46",2019-01-30 00:00:00,2,"49,26","4,5",2019-01-30 20:23:00
558,2,0,1,2,"41,66",6,"262,458",2019-01-02 00:00:00,2,"12,498","5,6",2019-01-02 15:24:00
559,2,0,0,4,"72,42",3,"228,123",2019-03-29 00:00:00,2,"10,863","8,2",2019-03-29 16:54:00
560,0,1,1,0,"21,58",9,"203,931",2019-03-14 00:00:00,0,"9,711","7,3",2019-03-14 12:32:00
561,1,1,1,2,"89,2",10,"936,6",2019-02-11 00:00:00,1,"44,6","4,4",2019-02-11 15:42:00
562,0,1,0,0,"42,42",8,"356,328",2019-01-30 00:00:00,2,"16,968","5,7",2019-01-30 13:58:00
563,2,0,1,0,"74,51",6,"469,413",2019-03-20 00:00:00,2,"22,353",5,2019-03-20 15:08:00
564,0,1,1,1,"99,25",2,"208,425",2019-03-20 00:00:00,0,"9,925",9,2019-03-20 13:02:00
565,2,1,0,2,"81,21",10,"852,705",2019-01-17 00:00:00,1,"40,605","6,3",2019-01-17 13:01:00
566,1,1,0,5,"49,33",10,"517,965",2019-02-03 00:00:00,1,"24,665","9,4",2019-02-03 16:40:00
567,2,1,0,1,"65,74",9,"621,243",2019-01-01 00:00:00,0,"29,583","7,7",2019-01-01 13:55:00
568,0,1,0,1,"79,86",7,"586,971",2019-01-10 00:00:00,1,"27,951","5,5",2019-01-10 10:33:00
569,1,1,0,5,"73,98",7,"543,753",2019-03-02 00:00:00,2,"25,893","4,1",2019-03-02 16:42:00
570,0,0,0,4,"82,04",5,"430,71",2019-02-25 00:00:00,1,"20,51","7,6",2019-02-25 17:16:00
571,0,0,1,5,"26,67",10,"280,035",2019-01-29 00:00:00,0,"13,335","8,6",2019-01-29 11:48:00
572,2,0,1,2,"10,13",7,"74,4555",2019-03-10 00:00:00,2,"3,5455","8,3",2019-03-10 19:35:00
573,0,1,1,2,"72,39",2,"152,019",2019-01-13 00:00:00,1,"7,239","8,1",2019-01-13 19:55:00
574,2,1,1,5,"85,91",5,"451,0275",2019-03-22 00:00:00,1,"21,4775","8,6",2019-03-22 14:33:00
575,0,0,1,1,"81,31",7,"597,6285",2019-03-01 00:00:00,2,"28,4585","6,3",2019-03-01 19:49:00
576,0,1,1,2,"60,3",4,"253,26",2019-02-20 00:00:00,0,"12,06","5,8",2019-02-20 18:43:00
577,1,1,1,2,"31,77",4,"133,434",2019-01-14 00:00:00,2,"6,354","6,2",2019-01-14 14:43:00
578,2,1,0,3,"64,27",4,"269,934",2019-03-26 00:00:00,0,"12,854","7,7",2019-03-26 13:54:00
579,0,1,1,3,"69,51",2,"145,971",2019-03-01 00:00:00,2,"6,951","8,1",2019-03-01 12:15:00
580,1,1,1,2,"27,22",3,"85,743",2019-01-07 00:00:00,0,"4,083","7,3",2019-01-07 12:37:00
581,2,0,0,3,"77,68",4,"326,256",2019-02-01 00:00:00,0,"15,536","8,4",2019-02-01 19:54:00
582,1,0,0,1,"92,98",2,"195,258",2019-02-13 00:00:00,1,"9,298",8,2019-02-13 15:06:00
583,0,0,0,1,"18,08",4,"75,936",2019-01-14 00:00:00,1,"3,616","9,5",2019-01-14 18:03:00
584,0,1,1,5,"63,06",3,"198,639",2019-01-19 00:00:00,2,"9,459",7,2019-01-19 15:58:00
585,2,1,1,3,"51,71",4,"217,182",2019-03-09 00:00:00,1,"10,342","9,8",2019-03-09 13:53:00
586,2,1,0,2,"52,34",3,"164,871",2019-03-27 00:00:00,0,"7,851","9,2",2019-03-27 14:03:00
587,2,1,0,5,"43,06",5,"226,065",2019-02-04 00:00:00,2,"10,765","7,7",2019-02-04 16:38:00
588,1,1,1,1,"59,61",10,"625,905",2019-03-14 00:00:00,0,"29,805","5,3",2019-03-14 11:07:00
589,2,1,1,3,"14,62",5,"76,755",2019-03-04 00:00:00,0,"3,655","4,4",2019-03-04 12:23:00
590,1,0,1,3,"46,53",6,"293,139",2019-03-03 00:00:00,1,"13,959","4,3",2019-03-03 10:54:00
591,1,0,0,4,"24,24",7,"178,164",2019-01-27 00:00:00,2,"8,484","9,4",2019-01-27 17:38:00
592,2,0,0,5,"45,58",1,"47,859",2019-02-07 00:00:00,0,"2,279","9,8",2019-02-07 14:13:00
593,2,0,0,5,"75,2",3,"236,88",2019-02-05 00:00:00,2,"11,28","4,8",2019-02-05 11:51:00
594,0,0,1,5,"96,8",3,"304,92",2019-03-15 00:00:00,0,"14,52","5,3",2019-03-15 13:05:00
595,0,1,1,3,"14,82",3,"46,683",2019-03-01 00:00:00,1,"2,223","8,7",2019-03-01 11:30:00
596,2,1,1,2,"52,2",3,"164,43",2019-02-15 00:00:00,1,"7,83","9,5",2019-02-15 13:30:00
597,1,1,0,5,"46,66",9,"440,937",2019-02-17 00:00:00,2,"20,997","5,3",2019-02-17 19:11:00
598,1,1,0,1,"36,85",5,"193,4625",2019-01-26 00:00:00,0,"9,2125","9,2",2019-01-26 18:53:00
599,2,0,0,4,"70,32",2,"147,672",2019-03-24 00:00:00,2,"7,032","9,6",2019-03-24 14:22:00
600,1,1,1,0,"83,08",1,"87,234",2019-01-23 00:00:00,2,"4,154","6,4",2019-01-23 17:16:00
601,1,1,0,1,"64,99",1,"68,2395",2019-01-26 00:00:00,1,"3,2495","4,5",2019-01-26 10:06:00
602,1,1,1,2,"77,56",10,"814,38",2019-03-14 00:00:00,2,"38,78","6,9",2019-03-14 20:35:00
603,0,1,0,5,"54,51",6,"343,413",2019-03-17 00:00:00,2,"16,353","7,8",2019-03-17 13:54:00
604,1,0,0,1,"51,89",7,"381,3915",2019-01-08 00:00:00,0,"18,1615","4,5",2019-01-08 20:08:00
605,0,1,1,4,"31,75",4,"133,35",2019-02-08 00:00:00,0,"6,35","8,6",2019-02-08 15:26:00
606,2,0,0,1,"53,65",7,"394,3275",2019-02-10 00:00:00,2,"18,7775","5,2",2019-02-10 12:56:00
607,1,0,0,2,"49,79",4,"209,118",2019-03-28 00:00:00,1,"9,958","6,4",2019-03-28 19:16:00
608,2,1,1,1,"30,61",1,"32,1405",2019-01-23 00:00:00,2,"1,5305","5,2",2019-01-23 12:20:00
609,0,0,1,2,"57,89",2,"121,569",2019-01-17 00:00:00,2,"5,789","8,9",2019-01-17 10:37:00
610,2,1,0,0,"28,96",1,"30,408",2019-02-07 00:00:00,1,"1,448","6,2",2019-02-07 10:18:00
611,1,0,0,2,"98,97",9,"935,2665",2019-03-09 00:00:00,0,"44,5365","6,7",2019-03-09 11:23:00
612,0,0,1,1,"93,22",3,"293,643",2019-01-24 00:00:00,0,"13,983","7,2",2019-01-24 11:45:00
613,1,0,1,5,"80,93",1,"84,9765",2019-01-19 00:00:00,1,"4,0465",9,2019-01-19 16:08:00
614,2,0,1,2,"67,45",10,"708,225",2019-02-03 00:00:00,2,"33,725","4,2",2019-02-03 11:25:00
615,2,0,0,5,"38,72",9,"365,904",2019-03-20 00:00:00,2,"17,424","4,2",2019-03-20 12:24:00
616,0,0,1,5,"72,6",6,"457,38",2019-01-13 00:00:00,0,"21,78","6,9",2019-01-13 19:51:00
617,1,0,1,0,"87,91",5,"461,5275",2019-03-14 00:00:00,2,"21,9775","4,4",2019-03-14 18:10:00
618,2,0,1,2,"98,53",6,"620,739",2019-01-23 00:00:00,1,"29,559",4,2019-01-23 11:22:00
619,1,0,0,1,"43,46",6,"273,798",2019-02-07 00:00:00,2,"13,038","8,5",2019-02-07 17:55:00
620,2,1,0,2,"71,68",3,"225,792",2019-03-28 00:00:00,1,"10,752","9,2",2019-03-28 15:30:00
621,2,0,0,2,"91,61",1,"96,1905",2019-03-20 00:00:00,0,"4,5805","9,8",2019-03-20 19:44:00
622,0,0,0,4,"94,59",7,"695,2365",2019-01-17 00:00:00,1,"33,1065","4,9",2019-01-17 15:27:00
623,0,1,0,1,"83,25",10,"874,125",2019-01-12 00:00:00,1,"41,625","4,4",2019-01-12 11:25:00
624,0,0,1,1,"91,35",1,"95,9175",2019-02-16 00:00:00,0,"4,5675","6,8",2019-02-16 15:42:00
625,0,0,0,2,"78,88",2,"165,648",2019-01-26 00:00:00,0,"7,888","9,1",2019-01-26 16:04:00
626,2,1,1,5,"60,87",2,"127,827",2019-03-09 00:00:00,2,"6,087","8,7",2019-03-09 12:37:00
627,0,0,1,3,"82,58",10,"867,09",2019-03-14 00:00:00,0,"41,29",5,2019-03-14 14:41:00
628,2,0,1,4,"53,3",3,"167,895",2019-01-25 00:00:00,2,"7,995","7,5",2019-01-25 14:19:00
629,2,1,0,1,"12,09",1,"12,6945",2019-01-26 00:00:00,1,"0,6045","8,2",2019-01-26 18:19:00
630,2,1,1,5,"64,19",10,"673,995",2019-01-19 00:00:00,1,"32,095","6,7",2019-01-19 14:08:00
631,2,1,1,0,"78,31",3,"246,6765",2019-03-05 00:00:00,2,"11,7465","5,4",2019-03-05 16:38:00
632,2,0,1,2,"83,77",2,"175,917",2019-01-15 00:00:00,1,"8,377",7,2019-01-15 10:54:00
633,0,1,1,4,"99,7",3,"314,055",2019-03-18 00:00:00,2,"14,955","4,7",2019-03-18 11:29:00
634,0,0,1,2,"79,91",3,"251,7165",2019-03-20 00:00:00,1,"11,9865",5,2019-03-20 19:28:00
635,0,0,1,3,"66,47",10,"697,935",2019-01-15 00:00:00,1,"33,235",5,2019-01-15 15:01:00
636,2,1,1,3,"28,95",7,"212,7825",2019-03-03 00:00:00,1,"10,1325",6,2019-03-03 20:31:00
637,1,1,0,0,"46,2",1,"48,51",2019-03-19 00:00:00,0,"2,31","6,3",2019-03-19 12:16:00
638,0,0,0,2,"17,63",5,"92,5575",2019-03-08 00:00:00,0,"4,4075","8,5",2019-03-08 15:27:00
639,0,1,1,1,"52,42",3,"165,123",2019-02-27 00:00:00,2,"7,863","7,5",2019-02-27 17:36:00
640,0,0,0,2,"98,79",3,"311,1885",2019-02-23 00:00:00,2,"14,8185","6,4",2019-02-23 20:00:00
641,1,0,0,0,"88,55",8,"743,82",2019-03-19 00:00:00,2,"35,42","4,7",2019-03-19 15:29:00
642,0,0,1,0,"55,67",2,"116,907",2019-03-27 00:00:00,2,"5,567",6,2019-03-27 15:08:00
643,1,0,0,2,"72,52",8,"609,168",2019-03-30 00:00:00,1,"29,008",4,2019-03-30 19:26:00
644,1,0,1,0,"12,05",5,"63,2625",2019-02-16 00:00:00,2,"3,0125","5,5",2019-02-16 15:53:00
645,2,0,1,4,"19,36",9,"182,952",2019-01-18 00:00:00,2,"8,712","8,7",2019-01-18 18:43:00
646,1,1,1,3,"70,21",6,"442,323",2019-03-30 00:00:00,0,"21,063","7,4",2019-03-30 14:58:00
647,0,0,1,1,"33,63",1,"35,3115",2019-03-20 00:00:00,0,"1,6815","5,6",2019-03-20 19:55:00
648,1,0,0,5,"15,49",2,"32,529",2019-01-16 00:00:00,0,"1,549","6,3",2019-01-16 15:10:00
649,1,1,1,0,"24,74",10,"259,77",2019-02-24 00:00:00,0,"12,37","7,1",2019-02-24 16:44:00
650,0,1,1,0,"75,66",5,"397,215",2019-01-15 00:00:00,2,"18,915","7,8",2019-01-15 18:22:00
651,0,1,0,3,"55,81",6,"351,603",2019-01-22 00:00:00,0,"16,743","9,9",2019-01-22 11:52:00
652,2,0,1,4,"72,78",10,"764,19",2019-02-03 00:00:00,0,"36,39","7,3",2019-02-03 17:24:00
653,0,0,1,5,"37,32",9,"352,674",2019-03-06 00:00:00,2,"16,794","5,1",2019-03-06 15:31:00
654,0,0,1,1,"60,18",4,"252,756",2019-02-16 00:00:00,1,"12,036","9,4",2019-02-16 18:04:00
655,2,1,0,0,"15,69",3,"49,4235",2019-03-14 00:00:00,1,"2,3535","5,8",2019-03-14 14:13:00
656,1,1,0,0,"99,69",1,"104,6745",2019-02-27 00:00:00,1,"4,9845",8,2019-02-27 10:23:00
657,2,0,0,1,"88,15",3,"277,6725",2019-01-18 00:00:00,2,"13,2225","7,9",2019-01-18 10:11:00
658,2,0,0,5,"27,93",5,"146,6325",2019-01-29 00:00:00,0,"6,9825","5,9",2019-01-29 15:48:00
659,2,0,1,1,"55,45",1,"58,2225",2019-02-26 00:00:00,1,"2,7725","4,9",2019-02-26 17:46:00
660,0,1,0,5,"42,97",3,"135,3555",2019-02-03 00:00:00,0,"6,4455","9,3",2019-02-03 11:46:00
661,1,0,1,5,"17,14",7,"125,979",2019-01-16 00:00:00,1,"5,999","7,9",2019-01-16 12:07:00
662,0,0,0,1,"58,75",6,"370,125",2019-03-24 00:00:00,1,"17,625","5,9",2019-03-24 18:14:00
663,1,0,0,2,"87,1",10,"914,55",2019-02-12 00:00:00,1,"43,55","9,9",2019-02-12 14:45:00
664,1,1,0,5,"98,8",2,"207,48",2019-02-21 00:00:00,0,"9,88","7,7",2019-02-21 11:39:00
665,2,1,0,1,"48,63",4,"204,246",2019-02-04 00:00:00,2,"9,726","7,6",2019-02-04 15:44:00
666,0,0,1,2,"57,74",3,"181,881",2019-02-20 00:00:00,2,"8,661","7,7",2019-02-20 13:06:00
667,0,1,0,3,"17,97",4,"75,474",2019-02-23 00:00:00,2,"3,594","6,4",2019-02-23 20:43:00
668,1,0,0,3,"47,71",6,"300,573",2019-02-16 00:00:00,2,"14,313","4,4",2019-02-16 14:19:00
669,0,1,0,5,"40,62",2,"85,302",2019-01-17 00:00:00,1,"4,062","4,1",2019-01-17 10:01:00
670,2,0,1,1,"56,04",10,"588,42",2019-01-14 00:00:00,2,"28,02","4,4",2019-01-14 19:30:00
671,0,0,1,2,"93,4",2,"196,14",2019-03-30 00:00:00,0,"9,34","5,5",2019-03-30 16:34:00
672,0,1,0,3,"73,41",3,"231,2415",2019-03-02 00:00:00,2,"11,0115",4,2019-03-02 13:10:00
673,1,1,1,3,"33,64",8,"282,576",2019-02-15 00:00:00,1,"13,456","9,3",2019-02-15 17:10:00
674,2,1,0,0,"45,48",10,"477,54",2019-03-01 00:00:00,1,"22,74","4,8",2019-03-01 10:22:00
675,0,0,1,1,"83,77",2,"175,917",2019-02-24 00:00:00,0,"8,377","4,6",2019-02-24 19:57:00
676,0,0,0,5,"64,08",7,"470,988",2019-02-19 00:00:00,1,"22,428","7,3",2019-02-19 19:29:00
677,2,0,0,2,"73,47",4,"308,574",2019-02-23 00:00:00,0,"14,694",6,2019-02-23 18:30:00
678,1,1,1,3,"58,95",10,"618,975",2019-02-07 00:00:00,2,"29,475","8,1",2019-02-07 14:27:00
679,2,0,1,2,"48,5",6,"305,55",2019-01-11 00:00:00,2,"14,55","9,4",2019-01-11 13:57:00
680,0,0,0,0,"39,48",1,"41,454",2019-02-12 00:00:00,0,"1,974","6,5",2019-02-12 19:43:00
681,0,1,0,5,"34,81",1,"36,5505",2019-01-14 00:00:00,1,"1,7405",7,2019-01-14 10:11:00
682,1,1,0,1,"49,32",6,"310,716",2019-01-09 00:00:00,2,"14,796","7,1",2019-01-09 13:46:00
683,2,0,1,1,"21,48",2,"45,108",2019-02-27 00:00:00,2,"2,148","6,6",2019-02-27 12:22:00
684,0,0,0,5,"23,08",6,"145,404",2019-01-24 00:00:00,2,"6,924","4,9",2019-01-24 19:20:00
685,0,0,0,4,"49,1",2,"103,11",2019-01-08 00:00:00,1,"4,91","6,4",2019-01-08 12:58:00
686,0,0,0,5,"64,83",2,"136,143",2019-01-08 00:00:00,1,"6,483",8,2019-01-08 11:59:00
687,2,0,1,4,"63,56",10,"667,38",2019-01-16 00:00:00,0,"31,78","4,3",2019-01-16 17:59:00
688,1,0,1,5,"72,88",2,"153,048",2019-03-13 00:00:00,0,"7,288","6,1",2019-03-13 12:51:00
689,2,1,0,2,"67,1",3,"211,365",2019-02-15 00:00:00,0,"10,065","7,5",2019-02-15 10:36:00
690,1,0,0,5,"70,19",9,"663,2955",2019-01-25 00:00:00,0,"31,5855","6,7",2019-01-25 13:38:00
691,1,0,1,2,"55,04",7,"404,544",2019-03-12 00:00:00,2,"19,264","5,2",2019-03-12 19:39:00
692,2,0,1,3,"48,63",10,"510,615",2019-03-04 00:00:00,0,"24,315","8,8",2019-03-04 12:44:00
693,1,0,0,1,"73,38",7,"539,343",2019-02-10 00:00:00,0,"25,683","9,5",2019-02-10 13:56:00
694,1,1,0,2,"52,6",9,"497,07",2019-01-16 00:00:00,0,"23,67","7,6",2019-01-16 14:42:00
695,2,0,0,4,"87,37",5,"458,6925",2019-01-29 00:00:00,0,"21,8425","6,6",2019-01-29 19:45:00
696,2,0,0,5,"27,04",4,"113,568",2019-01-01 00:00:00,2,"5,408","6,9",2019-01-01 20:26:00
697,0,1,1,4,"62,19",4,"261,198",2019-01-06 00:00:00,2,"12,438","4,3",2019-01-06 19:46:00
698,2,0,1,0,"69,58",9,"657,531",2019-02-19 00:00:00,1,"31,311","7,8",2019-02-19 19:38:00
699,1,1,1,4,"97,5",10,"1023,75",2019-01-12 00:00:00,2,"48,75",8,2019-01-12 16:18:00
700,1,1,0,1,"60,41",8,"507,444",2019-02-07 00:00:00,2,"24,164","9,6",2019-02-07 12:23:00
701,0,1,1,2,"32,32",3,"101,808",2019-03-27 00:00:00,1,"4,848","4,3",2019-03-27 19:11:00
702,0,0,0,1,"19,77",10,"207,585",2019-02-27 00:00:00,1,"9,885",5,2019-02-27 18:57:00
703,0,0,1,3,"80,47",9,"760,4415",2019-01-06 00:00:00,0,"36,2115","9,2",2019-01-06 11:18:00
704,0,0,0,4,"88,39",9,"835,2855",2019-03-02 00:00:00,0,"39,7755","6,3",2019-03-02 12:40:00
705,0,1,1,3,"71,77",7,"527,5095",2019-03-29 00:00:00,0,"25,1195","8,9",2019-03-29 14:06:00
706,0,1,0,0,43,4,"180,6",2019-01-31 00:00:00,2,"8,6","7,6",2019-01-31 20:48:00
707,1,0,1,2,"68,98",1,"72,429",2019-01-21 00:00:00,0,"3,449","4,8",2019-01-21 20:13:00
708,1,1,1,1,"15,62",8,"131,208",2019-01-20 00:00:00,2,"6,248","9,1",2019-01-20 20:37:00
709,2,1,1,5,"25,7",3,"80,955",2019-01-17 00:00:00,2,"3,855","6,1",2019-01-17 17:59:00
710,2,0,1,2,"80,62",6,"507,906",2019-02-28 00:00:00,0,"24,186","9,1",2019-02-28 20:18:00
711,1,0,0,4,"75,53",4,"317,226",2019-03-19 00:00:00,2,"15,106","8,3",2019-03-19 15:52:00
712,1,1,0,0,"77,63",9,"733,6035",2019-02-19 00:00:00,2,"34,9335","7,2",2019-02-19 15:14:00
713,1,1,0,3,"13,85",9,"130,8825",2019-02-04 00:00:00,2,"6,2325",6,2019-02-04 12:50:00
714,1,0,1,1,"98,7",8,"829,08",2019-01-31 00:00:00,2,"39,48","8,5",2019-01-31 10:36:00
715,2,1,0,3,"35,68",5,"187,32",2019-02-06 00:00:00,1,"8,92","6,6",2019-02-06 18:33:00
716,2,0,0,1,"71,46",7,"525,231",2019-03-28 00:00:00,2,"25,011","4,5",2019-03-28 16:06:00
717,2,0,1,0,"11,94",3,"37,611",2019-01-19 00:00:00,1,"1,791","8,1",2019-01-19 12:47:00
718,2,1,1,1,"45,38",3,"142,947",2019-02-17 00:00:00,1,"6,807","7,2",2019-02-17 13:34:00
719,0,0,0,1,"17,48",6,"110,124",2019-01-18 00:00:00,1,"5,244","6,1",2019-01-18 15:04:00
720,0,1,0,1,"25,56",7,"187,866",2019-02-02 00:00:00,0,"8,946","7,1",2019-02-02 20:42:00
721,1,0,0,5,"90,63",9,"856,4535",2019-01-18 00:00:00,0,"40,7835","5,1",2019-01-18 15:28:00
722,0,1,1,4,"44,12",3,"138,978",2019-03-18 00:00:00,1,"6,618","7,9",2019-03-18 13:45:00
723,1,0,0,2,"36,77",7,"270,2595",2019-01-11 00:00:00,0,"12,8695","7,4",2019-01-11 20:10:00
724,0,0,1,2,"23,34",4,"98,028",2019-02-04 00:00:00,2,"4,668","7,4",2019-02-04 18:53:00
725,1,0,0,3,"28,5",8,"239,4",2019-02-06 00:00:00,0,"11,4","6,6",2019-02-06 14:24:00
726,1,0,1,4,"55,57",3,"175,0455",2019-01-08 00:00:00,1,"8,3355","5,9",2019-01-08 11:42:00
727,0,1,1,5,"69,74",10,"732,27",2019-03-05 00:00:00,1,"34,87","8,9",2019-03-05 17:49:00
728,1,1,1,1,"97,26",4,"408,492",2019-03-16 00:00:00,2,"19,452","6,8",2019-03-16 15:33:00
729,0,0,0,4,"52,18",7,"383,523",2019-03-09 00:00:00,0,"18,263","9,3",2019-03-09 10:54:00
730,2,0,0,1,"22,32",4,"93,744",2019-03-01 00:00:00,1,"4,464","4,4",2019-03-01 16:23:00
731,2,1,1,3,56,3,"176,4",2019-02-28 00:00:00,2,"8,4","4,8",2019-02-28 19:33:00
732,2,0,1,1,"19,7",1,"20,685",2019-02-08 00:00:00,2,"0,985","9,5",2019-02-08 11:39:00
733,0,1,1,0,"75,88",7,"557,718",2019-01-24 00:00:00,2,"26,558","8,9",2019-01-24 10:38:00
734,0,0,1,2,"53,72",1,"56,406",2019-03-01 00:00:00,2,"2,686","6,4",2019-03-01 20:03:00
735,1,0,1,3,"81,95",10,"860,475",2019-03-10 00:00:00,1,"40,975",6,2019-03-10 12:39:00
736,1,0,0,4,"81,2",7,"596,82",2019-03-23 00:00:00,1,"28,42","8,1",2019-03-23 15:59:00
737,1,1,1,0,"58,76",10,"616,98",2019-01-29 00:00:00,2,"29,38",9,2019-01-29 14:26:00
738,0,0,1,0,"91,56",8,"769,104",2019-01-12 00:00:00,2,"36,624",6,2019-01-12 18:22:00
739,2,1,1,4,"93,96",9,"887,922",2019-03-20 00:00:00,0,"42,282","9,8",2019-03-20 11:32:00
740,1,1,1,4,"55,61",7,"408,7335",2019-03-23 00:00:00,0,"19,4635","8,5",2019-03-23 12:41:00
741,1,1,1,2,"84,83",1,"89,0715",2019-01-14 00:00:00,2,"4,2415","8,8",2019-01-14 15:20:00
742,2,0,0,5,"71,63",2,"150,423",2019-02-12 00:00:00,2,"7,163","8,8",2019-02-12 14:33:00
743,2,0,1,4,"37,69",2,"79,149",2019-02-20 00:00:00,2,"3,769","9,5",2019-02-20 15:29:00
744,1,0,0,5,"31,67",8,"266,028",2019-01-02 00:00:00,1,"12,668","5,6",2019-01-02 16:19:00
745,1,0,0,2,"38,42",1,"40,341",2019-02-02 00:00:00,0,"1,921","8,6",2019-02-02 16:33:00
746,0,0,1,1,"65,23",10,"684,915",2019-01-08 00:00:00,1,"32,615","5,2",2019-01-08 19:07:00
747,1,0,0,4,"10,53",5,"55,2825",2019-01-30 00:00:00,1,"2,6325","5,8",2019-01-30 14:43:00
748,0,0,0,4,"12,29",9,"116,1405",2019-03-26 00:00:00,1,"5,5305",8,2019-03-26 19:28:00
749,1,0,1,3,"81,23",7,"597,0405",2019-01-15 00:00:00,0,"28,4305",9,2019-01-15 20:44:00
750,0,0,0,1,"22,32",4,"93,744",2019-03-14 00:00:00,2,"4,464","4,1",2019-03-14 11:16:00
751,2,1,0,2,"27,28",5,"143,22",2019-02-03 00:00:00,1,"6,82","8,6",2019-02-03 10:31:00
752,2,0,0,0,"17,42",10,"182,91",2019-02-22 00:00:00,2,"8,71",7,2019-02-22 12:30:00
753,0,1,1,4,"73,28",5,"384,72",2019-01-24 00:00:00,2,"18,32","8,4",2019-01-24 15:05:00
754,1,0,0,1,"84,87",3,"267,3405",2019-01-25 00:00:00,2,"12,7305","7,4",2019-01-25 18:30:00
755,2,1,0,1,"97,29",8,"817,236",2019-03-09 00:00:00,1,"38,916","6,2",2019-03-09 13:18:00
756,0,0,0,0,"35,74",8,"300,216",2019-02-17 00:00:00,2,"14,296","4,9",2019-02-17 15:28:00
757,2,1,0,4,"96,52",6,"608,076",2019-01-11 00:00:00,0,"28,956","4,5",2019-01-11 11:52:00
758,2,0,1,2,"18,85",10,"197,925",2019-02-27 00:00:00,2,"9,425","5,6",2019-02-27 18:24:00
759,2,1,0,2,"55,39",4,"232,638",2019-03-25 00:00:00,2,"11,078",8,2019-03-25 15:19:00
760,0,0,0,2,"77,2",10,"810,6",2019-02-11 00:00:00,1,"38,6","5,6",2019-02-11 10:38:00
761,0,1,1,0,"72,13",10,"757,365",2019-01-31 00:00:00,1,"36,065","4,2",2019-01-31 15:12:00
762,2,0,0,1,"63,88",8,"536,592",2019-01-20 00:00:00,2,"25,552","9,9",2019-01-20 17:48:00
763,2,0,0,3,"10,69",5,"56,1225",2019-03-26 00:00:00,2,"2,6725","7,6",2019-03-26 11:07:00
764,2,0,1,3,"55,5",4,"233,1",2019-01-20 00:00:00,1,"11,1","6,6",2019-01-20 15:48:00
765,0,1,0,4,"95,46",8,"801,864",2019-03-05 00:00:00,2,"38,184","4,7",2019-03-05 19:40:00
766,1,1,0,1,"76,06",3,"239,589",2019-01-05 00:00:00,1,"11,409","9,8",2019-01-05 20:30:00
767,0,1,1,5,"13,69",6,"86,247",2019-02-13 00:00:00,0,"4,107","6,3",2019-02-13 13:59:00
768,0,1,0,0,"95,64",4,"401,688",2019-03-16 00:00:00,0,"19,128","7,9",2019-03-16 18:51:00
769,2,1,0,4,"11,43",6,"72,009",2019-01-15 00:00:00,0,"3,429","7,7",2019-01-15 17:24:00
770,0,0,0,5,"95,54",4,"401,268",2019-02-26 00:00:00,2,"19,108","4,5",2019-02-26 11:58:00
771,1,0,0,3,"85,87",7,"631,1445",2019-02-27 00:00:00,1,"30,0545",8,2019-02-27 19:01:00
772,1,0,0,5,"67,99",7,"499,7265",2019-02-17 00:00:00,2,"23,7965","5,7",2019-02-17 16:50:00
773,1,1,0,2,"52,42",1,"55,041",2019-02-06 00:00:00,1,"2,621","6,3",2019-02-06 10:22:00
774,1,0,1,2,"65,65",2,"137,865",2019-01-17 00:00:00,0,"6,565",6,2019-01-17 16:46:00
775,0,1,0,2,"28,86",5,"151,515",2019-01-22 00:00:00,1,"7,215",8,2019-01-22 18:08:00
776,1,0,1,3,"65,31",7,"480,0285",2019-03-05 00:00:00,1,"22,8585","4,2",2019-03-05 18:02:00
777,0,1,1,5,"93,38",1,"98,049",2019-01-03 00:00:00,0,"4,669","9,6",2019-01-03 13:07:00
778,1,0,1,5,"25,25",5,"132,5625",2019-03-20 00:00:00,0,"6,3125","6,1",2019-03-20 17:52:00
779,0,0,1,0,"87,87",9,"830,3715",2019-01-31 00:00:00,2,"39,5415","5,6",2019-01-31 20:32:00
780,1,1,1,3,"21,8",8,"183,12",2019-02-19 00:00:00,0,"8,72","8,3",2019-02-19 19:24:00
781,2,1,0,5,"94,76",4,"397,992",2019-02-11 00:00:00,2,"18,952","7,8",2019-02-11 16:06:00
782,2,0,0,1,"30,62",1,"32,151",2019-02-05 00:00:00,1,"1,531","4,1",2019-02-05 14:14:00
783,1,1,0,4,"44,01",8,"369,684",2019-03-03 00:00:00,0,"17,604","8,8",2019-03-03 17:36:00
784,1,0,0,3,"10,16",5,"53,34",2019-02-24 00:00:00,2,"2,54","4,1",2019-02-24 13:08:00
785,2,1,1,0,"74,58",7,"548,163",2019-02-04 00:00:00,1,"26,103",9,2019-02-04 16:09:00
786,1,1,1,0,"71,89",8,"603,876",2019-02-19 00:00:00,2,"28,756","5,5",2019-02-19 11:33:00
787,1,1,0,3,"10,99",5,"57,6975",2019-01-23 00:00:00,1,"2,7475","9,3",2019-01-23 10:18:00
788,1,0,1,3,"60,47",3,"190,4805",2019-01-14 00:00:00,1,"9,0705","5,6",2019-01-14 10:55:00
789,2,1,1,5,"58,91",7,"432,9885",2019-01-17 00:00:00,2,"20,6185","9,7",2019-01-17 15:15:00
790,2,1,1,1,"46,41",1,"48,7305",2019-03-03 00:00:00,1,"2,3205",4,2019-03-03 20:06:00
791,1,0,1,3,"68,55",4,"287,91",2019-02-15 00:00:00,1,"13,71","9,2",2019-02-15 20:21:00
792,0,1,0,4,"97,37",10,"1022,385",2019-01-15 00:00:00,1,"48,685","4,9",2019-01-15 13:48:00
793,2,0,1,0,"92,6",7,"680,61",2019-02-27 00:00:00,1,"32,41","9,3",2019-02-27 12:52:00
794,2,1,0,0,"46,61",2,"97,881",2019-02-26 00:00:00,1,"4,661","6,6",2019-02-26 12:28:00
795,0,1,1,1,"27,18",2,"57,078",2019-03-15 00:00:00,2,"2,718","4,3",2019-03-15 16:26:00
796,1,0,0,4,"60,87",1,"63,9135",2019-01-24 00:00:00,0,"3,0435","5,5",2019-01-24 13:24:00
797,2,0,0,5,"24,49",10,"257,145",2019-02-22 00:00:00,0,"12,245","8,1",2019-02-22 15:15:00
798,0,1,1,3,"92,78",1,"97,419",2019-03-15 00:00:00,1,"4,639","9,8",2019-03-15 10:50:00
799,1,0,1,4,"86,69",5,"455,1225",2019-02-11 00:00:00,2,"21,6725","9,4",2019-02-11 18:38:00
800,0,1,1,5,"23,01",6,"144,963",2019-01-12 00:00:00,2,"6,903","7,9",2019-01-12 16:45:00
801,1,0,0,0,"30,2",8,"253,68",2019-03-03 00:00:00,2,"12,08","5,1",2019-03-03 19:30:00
802,1,0,1,1,"67,39",7,"495,3165",2019-03-23 00:00:00,2,"23,5865","6,9",2019-03-23 13:23:00
803,2,0,0,1,"48,96",9,"462,672",2019-03-04 00:00:00,0,"22,032",8,2019-03-04 11:27:00
804,0,0,0,0,"75,59",9,"714,3255",2019-02-23 00:00:00,0,"34,0155",8,2019-02-23 11:12:00
805,2,1,0,4,"77,47",4,"325,374",2019-03-17 00:00:00,0,"15,494","4,2",2019-03-17 16:36:00
806,2,1,0,5,"93,18",2,"195,678",2019-01-16 00:00:00,1,"9,318","8,5",2019-01-16 18:41:00
807,2,1,0,0,"50,23",4,"210,966",2019-01-08 00:00:00,0,"10,046",9,2019-01-08 17:12:00
808,0,1,0,3,"17,75",1,"18,6375",2019-01-14 00:00:00,0,"0,8875","8,6",2019-01-14 10:38:00
809,1,1,0,1,"62,18",10,"652,89",2019-01-31 00:00:00,2,"31,09",6,2019-01-31 10:33:00
810,0,1,1,3,"10,75",8,"90,3",2019-03-15 00:00:00,2,"4,3","6,2",2019-03-15 14:38:00
811,2,1,0,0,"40,26",10,"422,73",2019-02-24 00:00:00,1,"20,13",5,2019-02-24 18:06:00
812,1,0,0,5,"64,97",5,"341,0925",2019-02-08 00:00:00,1,"16,2425","6,5",2019-02-08 12:52:00
813,2,1,1,0,"95,15",1,"99,9075",2019-03-22 00:00:00,0,"4,7575",6,2019-03-22 14:00:00
814,2,0,0,0,"48,62",8,"408,408",2019-01-24 00:00:00,0,"19,448",5,2019-01-24 10:57:00
815,0,1,0,2,"53,21",8,"446,964",2019-03-14 00:00:00,2,"21,284",5,2019-03-14 16:45:00
816,1,1,0,1,"45,44",7,"333,984",2019-01-23 00:00:00,0,"15,904","9,2",2019-01-23 11:15:00
817,2,1,1,2,"33,88",8,"284,592",2019-01-19 00:00:00,2,"13,552","9,6",2019-01-19 20:29:00
818,0,0,1,3,"96,16",4,"403,872",2019-01-27 00:00:00,1,"19,232","8,4",2019-01-27 20:03:00
819,0,0,1,2,"47,16",5,"247,59",2019-02-03 00:00:00,1,"11,79",6,2019-02-03 14:35:00
820,0,1,1,0,"52,89",4,"222,138",2019-03-25 00:00:00,2,"10,578","6,7",2019-03-25 16:32:00
821,2,0,0,4,"47,68",2,"100,128",2019-02-24 00:00:00,1,"4,768","4,1",2019-02-24 10:10:00
822,1,0,1,5,"10,17",1,"10,6785",2019-02-07 00:00:00,0,"0,5085","5,9",2019-02-07 14:15:00
823,2,1,0,3,"68,71",3,"216,4365",2019-03-04 00:00:00,0,"10,3065","8,7",2019-03-04 10:05:00
824,0,0,0,5,"60,08",7,"441,588",2019-02-14 00:00:00,1,"21,028","4,5",2019-02-14 11:36:00
825,2,0,0,5,"22,01",4,"92,442",2019-01-29 00:00:00,1,"4,402","6,6",2019-01-29 18:15:00
826,0,0,0,3,"72,11",9,"681,4395",2019-01-28 00:00:00,1,"32,4495","7,7",2019-01-28 13:53:00
827,2,0,1,1,"41,28",3,"130,032",2019-03-26 00:00:00,1,"6,192","8,5",2019-03-26 18:37:00
828,1,1,1,0,"64,95",10,"681,975",2019-03-24 00:00:00,0,"32,475","5,2",2019-03-24 18:27:00
829,2,0,0,0,"74,22",10,"779,31",2019-01-01 00:00:00,1,"37,11","4,3",2019-01-01 14:42:00
830,2,1,1,0,"10,56",8,"88,704",2019-01-24 00:00:00,0,"4,224","7,6",2019-01-24 17:43:00
831,0,1,1,3,"62,57",4,"262,794",2019-02-25 00:00:00,0,"12,514","9,5",2019-02-25 18:37:00
832,0,0,0,5,"11,85",8,"99,54",2019-01-09 00:00:00,0,"4,74","4,1",2019-01-09 16:34:00
833,2,0,1,3,"91,3",1,"95,865",2019-02-14 00:00:00,2,"4,565","9,2",2019-02-14 14:42:00
834,0,0,0,4,"40,73",7,"299,3655",2019-03-12 00:00:00,2,"14,2555","5,4",2019-03-12 11:01:00
835,2,1,1,1,"52,38",1,"54,999",2019-03-26 00:00:00,0,"2,619","5,8",2019-03-26 19:44:00
836,2,0,1,1,"38,54",5,"202,335",2019-01-09 00:00:00,2,"9,635","5,6",2019-01-09 13:34:00
837,0,1,1,5,"44,63",6,"281,169",2019-01-02 00:00:00,1,"13,389","5,1",2019-01-02 20:08:00
838,1,1,1,0,"55,87",10,"586,635",2019-01-15 00:00:00,0,"27,935","5,8",2019-01-15 15:01:00
839,1,0,0,5,"29,22",6,"184,086",2019-01-01 00:00:00,2,"8,766",5,2019-01-01 11:40:00
840,2,1,1,1,"51,94",3,"163,611",2019-02-15 00:00:00,0,"7,791","7,9",2019-02-15 15:21:00
841,0,1,1,0,"60,3",1,"63,315",2019-02-28 00:00:00,0,"3,015",6,2019-02-28 17:38:00
842,2,0,0,5,"39,47",2,"82,887",2019-03-02 00:00:00,1,"3,947",5,2019-03-02 16:16:00
843,1,0,0,2,"14,87",2,"31,227",2019-02-13 00:00:00,1,"1,487","8,9",2019-02-13 18:15:00
844,2,1,1,1,"21,32",1,"22,386",2019-01-26 00:00:00,0,"1,066","5,9",2019-01-26 12:43:00
845,2,0,1,0,"93,78",3,"295,407",2019-01-30 00:00:00,1,"14,067","5,9",2019-01-30 11:32:00
846,2,0,1,0,"73,26",1,"76,923",2019-01-27 00:00:00,2,"3,663","9,7",2019-01-27 18:08:00
847,1,1,0,5,"22,38",1,"23,499",2019-01-30 00:00:00,1,"1,119","8,6",2019-01-30 17:08:00
848,1,0,0,2,"72,88",9,"688,716",2019-01-08 00:00:00,0,"32,796",4,2019-01-08 19:38:00
849,2,1,0,1,"99,1",6,"624,33",2019-01-19 00:00:00,0,"29,73","4,2",2019-01-19 13:11:00
850,2,1,1,1,"74,1",1,"77,805",2019-01-25 00:00:00,0,"3,705","9,2",2019-01-25 11:05:00
851,2,1,0,1,"98,48",2,"206,808",2019-02-19 00:00:00,2,"9,848","9,2",2019-02-19 10:12:00
852,1,1,1,3,"53,19",7,"390,9465",2019-01-14 00:00:00,2,"18,6165",5,2019-01-14 15:42:00
853,0,1,0,0,"52,79",10,"554,295",2019-02-25 00:00:00,2,"26,395",10,2019-02-25 11:58:00
854,2,0,0,3,"95,95",5,"503,7375",2019-01-23 00:00:00,2,"23,9875","8,8",2019-01-23 14:21:00
855,0,1,0,1,"36,51",9,"345,0195",2019-02-16 00:00:00,0,"16,4295","4,2",2019-02-16 10:52:00
856,0,1,1,2,"21,12",8,"177,408",2019-01-01 00:00:00,0,"8,448","6,3",2019-01-01 19:31:00
857,2,0,0,4,"28,31",4,"118,902",2019-03-07 00:00:00,0,"5,662","8,2",2019-03-07 18:35:00
858,0,1,1,3,"57,59",6,"362,817",2019-02-15 00:00:00,0,"17,277","5,1",2019-02-15 13:51:00
859,2,0,0,2,"47,63",9,"450,1035",2019-01-23 00:00:00,0,"21,4335",5,2019-01-23 12:35:00
860,1,0,0,4,"86,27",1,"90,5835",2019-02-20 00:00:00,2,"4,3135",7,2019-02-20 13:24:00
861,2,0,1,5,"12,76",2,"26,796",2019-01-08 00:00:00,2,"1,276","7,8",2019-01-08 18:06:00
862,0,1,0,4,"11,28",9,"106,596",2019-03-17 00:00:00,1,"5,076","4,3",2019-03-17 11:55:00
863,0,1,0,4,"51,07",7,"375,3645",2019-01-12 00:00:00,0,"17,8745",7,2019-01-12 11:42:00
864,2,0,0,0,"79,59",3,"250,7085",2019-01-08 00:00:00,0,"11,9385","6,6",2019-01-08 14:30:00
865,1,0,1,3,"33,81",3,"106,5015",2019-01-26 00:00:00,2,"5,0715","7,3",2019-01-26 15:11:00
866,0,0,1,5,"90,53",8,"760,452",2019-03-15 00:00:00,1,"36,212","6,5",2019-03-15 14:48:00
867,1,0,0,3,"62,82",2,"131,922",2019-01-17 00:00:00,2,"6,282","4,9",2019-01-17 12:36:00
868,1,0,1,2,"24,31",3,"76,5765",2019-01-08 00:00:00,1,"3,6465","4,3",2019-01-08 19:09:00
869,2,1,1,5,"64,59",4,"271,278",2019-01-06 00:00:00,2,"12,918","9,3",2019-01-06 13:35:00
870,2,0,1,2,"24,82",7,"182,427",2019-02-16 00:00:00,1,"8,687","7,1",2019-02-16 10:33:00
871,1,1,1,1,"56,5",1,"59,325",2019-03-13 00:00:00,2,"2,825","9,6",2019-03-13 15:45:00
872,0,0,0,0,"21,43",10,"225,015",2019-01-28 00:00:00,0,"10,715","6,2",2019-01-28 11:51:00
873,2,0,1,5,"89,06",6,"561,078",2019-01-18 00:00:00,0,"26,718","9,9",2019-01-18 17:26:00
874,2,0,1,4,"23,29",4,"97,818",2019-03-19 00:00:00,1,"4,658","5,9",2019-03-19 11:52:00
875,1,1,1,4,"65,26",8,"548,184",2019-03-15 00:00:00,2,"26,104","6,3",2019-03-15 14:04:00
876,1,0,1,1,"52,35",1,"54,9675",2019-02-12 00:00:00,0,"2,6175",4,2019-02-12 17:49:00
877,0,0,1,0,"39,75",1,"41,7375",2019-02-25 00:00:00,0,"1,9875","6,1",2019-02-25 20:19:00
878,2,1,0,0,"90,02",8,"756,168",2019-03-21 00:00:00,1,"36,008","4,5",2019-03-21 16:08:00
879,0,0,0,0,"12,1",8,"101,64",2019-01-19 00:00:00,2,"4,84","8,6",2019-01-19 10:17:00
880,0,0,0,2,"33,21",10,"348,705",2019-01-08 00:00:00,2,"16,605",6,2019-01-08 14:25:00
881,1,0,0,1,"10,18",8,"85,512",2019-03-30 00:00:00,1,"4,072","9,5",2019-03-30 12:51:00
882,0,0,1,5,"31,99",10,"335,895",2019-02-20 00:00:00,1,"15,995","9,9",2019-02-20 15:18:00
883,2,0,0,4,"34,42",6,"216,846",2019-03-30 00:00:00,2,"10,326","7,5",2019-03-30 12:45:00
884,2,0,0,2,"83,34",2,"175,014",2019-03-19 00:00:00,0,"8,334","7,6",2019-03-19 13:37:00
885,2,1,1,5,"45,58",7,"335,013",2019-01-13 00:00:00,0,"15,953",5,2019-01-13 10:03:00
886,2,0,1,2,"87,9",1,"92,295",2019-02-05 00:00:00,2,"4,395","6,7",2019-02-05 19:42:00
887,2,0,0,0,"73,47",10,"771,435",2019-03-23 00:00:00,2,"36,735","9,5",2019-03-23 13:14:00
888,1,1,0,1,"12,19",8,"102,396",2019-03-13 00:00:00,2,"4,876","6,8",2019-03-13 12:47:00
889,2,0,1,5,"76,92",10,"807,66",2019-03-17 00:00:00,2,"38,46","5,6",2019-03-17 19:53:00
890,1,1,0,3,"83,66",5,"439,215",2019-02-21 00:00:00,0,"20,915","7,2",2019-02-21 10:26:00
891,0,1,0,0,"57,91",8,"486,444",2019-02-07 00:00:00,0,"23,164","8,1",2019-02-07 15:06:00
892,1,0,0,1,"92,49",5,"485,5725",2019-03-02 00:00:00,1,"23,1225","8,6",2019-03-02 16:35:00
893,0,1,1,0,"28,38",5,"148,995",2019-03-06 00:00:00,0,"7,095","9,4",2019-03-06 20:57:00
894,0,0,1,0,"50,45",6,"317,835",2019-02-06 00:00:00,1,"15,135","8,9",2019-02-06 15:16:00
895,0,1,1,3,"99,16",8,"832,944",2019-01-28 00:00:00,1,"39,664","4,2",2019-01-28 17:47:00
896,1,1,1,1,"60,74",7,"446,439",2019-01-18 00:00:00,2,"21,259",5,2019-01-18 16:23:00
897,1,0,0,2,"47,27",6,"297,801",2019-02-05 00:00:00,0,"14,181","8,8",2019-02-05 10:17:00
898,1,0,1,3,"85,6",7,"629,16",2019-03-02 00:00:00,0,"29,96","5,3",2019-03-02 13:50:00
899,2,0,1,2,"35,04",9,"331,128",2019-02-09 00:00:00,2,"15,768","4,6",2019-02-09 19:17:00
900,1,0,0,0,"44,84",9,"423,738",2019-01-14 00:00:00,1,"20,178","7,5",2019-01-14 14:00:00
901,0,1,1,4,"45,97",4,"193,074",2019-02-09 00:00:00,2,"9,194","5,1",2019-02-09 12:02:00
902,2,0,0,3,"27,73",5,"145,5825",2019-03-26 00:00:00,1,"6,9325","4,2",2019-03-26 20:21:00
903,2,1,1,2,"11,53",7,"84,7455",2019-01-28 00:00:00,0,"4,0355","8,1",2019-01-28 17:35:00
904,1,1,0,3,"58,32",2,"122,472",2019-02-14 00:00:00,2,"5,832",6,2019-02-14 12:42:00
905,1,0,0,4,"78,38",4,"329,196",2019-03-24 00:00:00,0,"15,676","7,9",2019-03-24 17:56:00
906,1,1,1,3,"84,61",10,"888,405",2019-02-09 00:00:00,1,"42,305","8,8",2019-02-09 18:58:00
907,0,1,0,3,"82,88",5,"435,12",2019-03-24 00:00:00,1,"20,72","6,6",2019-03-24 14:08:00
908,2,0,0,2,"79,54",2,"167,034",2019-03-27 00:00:00,2,"7,954","6,2",2019-03-27 16:30:00
909,0,1,0,4,"49,01",10,"514,605",2019-01-27 00:00:00,1,"24,505","4,2",2019-01-27 10:44:00
910,0,0,0,2,"29,15",3,"91,8225",2019-03-27 00:00:00,1,"4,3725","7,3",2019-03-27 20:29:00
911,1,1,0,0,"56,13",4,"235,746",2019-01-19 00:00:00,2,"11,226","8,6",2019-01-19 11:43:00
912,2,1,0,4,"93,12",8,"782,208",2019-02-07 00:00:00,0,"37,248","6,8",2019-02-07 10:09:00
913,2,0,1,1,"51,34",8,"431,256",2019-01-31 00:00:00,2,"20,536","7,6",2019-01-31 10:00:00
914,2,0,0,2,"99,6",3,"313,74",2019-02-25 00:00:00,0,"14,94","5,8",2019-02-25 18:45:00
915,1,1,0,0,"35,49",6,"223,587",2019-02-02 00:00:00,0,"10,647","4,1",2019-02-02 12:40:00
916,1,0,1,5,"42,85",1,"44,9925",2019-03-14 00:00:00,1,"2,1425","9,3",2019-03-14 15:36:00
917,2,1,0,1,"94,67",4,"397,614",2019-03-11 00:00:00,0,"18,934","6,8",2019-03-11 12:04:00
918,0,1,1,4,"68,97",3,"217,2555",2019-02-22 00:00:00,2,"10,3455","8,7",2019-02-22 11:26:00
919,0,0,0,0,"26,26",3,"82,719",2019-03-02 00:00:00,2,"3,939","6,3",2019-03-02 12:36:00
920,1,0,0,4,"35,79",9,"338,2155",2019-03-10 00:00:00,1,"16,1055","5,1",2019-03-10 15:06:00
921,0,1,0,4,"16,37",6,"103,131",2019-02-08 00:00:00,0,"4,911",7,2019-02-08 10:58:00
922,1,0,0,4,"12,73",2,"26,733",2019-02-22 00:00:00,1,"1,273","5,2",2019-02-22 12:10:00
923,1,1,0,5,"83,14",7,"611,079",2019-01-10 00:00:00,1,"29,099","6,6",2019-01-10 10:31:00
924,1,0,0,5,"35,22",6,"221,886",2019-03-14 00:00:00,2,"10,566","6,5",2019-03-14 13:49:00
925,0,1,0,0,"13,78",4,"57,876",2019-01-10 00:00:00,2,"2,756",9,2019-01-10 11:10:00
926,0,0,1,5,"88,31",1,"92,7255",2019-02-15 00:00:00,1,"4,4155","5,2",2019-02-15 17:38:00
927,2,0,0,3,"39,62",9,"374,409",2019-01-13 00:00:00,1,"17,829","6,8",2019-01-13 17:54:00
928,0,1,0,0,"88,25",9,"833,9625",2019-02-15 00:00:00,1,"39,7125","7,6",2019-02-15 20:51:00
929,0,1,1,5,"25,31",2,"53,151",2019-03-02 00:00:00,2,"2,531","7,2",2019-03-02 19:26:00
930,0,1,1,4,"99,92",6,"629,496",2019-03-24 00:00:00,2,"29,976","7,1",2019-03-24 13:33:00
931,1,0,0,1,"83,35",2,"175,035",2019-02-02 00:00:00,1,"8,335","9,5",2019-02-02 14:05:00
932,2,1,0,2,"74,44",10,"781,62",2019-02-27 00:00:00,2,"37,22","5,1",2019-02-27 11:40:00
933,1,1,1,3,"64,08",7,"470,988",2019-01-20 00:00:00,2,"22,428","7,6",2019-01-20 12:27:00
934,0,1,0,4,"63,15",6,"397,845",2019-01-03 00:00:00,2,"18,945","9,8",2019-01-03 20:24:00
935,1,0,1,4,"85,72",3,"270,018",2019-01-24 00:00:00,2,"12,858","5,1",2019-01-24 20:59:00
936,1,1,0,3,"78,89",7,"579,8415",2019-01-05 00:00:00,2,"27,6115","7,5",2019-01-05 19:48:00
937,2,1,0,5,"89,48",5,"469,77",2019-03-30 00:00:00,0,"22,37","7,4",2019-03-30 10:18:00
938,2,0,0,3,"92,09",3,"290,0835",2019-02-17 00:00:00,0,"13,8135","4,2",2019-02-17 16:27:00
939,1,1,0,2,"57,29",6,"360,927",2019-03-21 00:00:00,2,"17,187","5,9",2019-03-21 17:04:00
940,2,1,1,2,"66,52",4,"279,384",2019-03-02 00:00:00,2,"13,304","6,9",2019-03-02 18:14:00
941,1,0,1,1,"99,82",9,"943,299",2019-03-27 00:00:00,0,"44,919","6,6",2019-03-27 10:43:00
942,2,1,0,4,"45,68",10,"479,64",2019-01-19 00:00:00,2,"22,84","5,7",2019-01-19 19:30:00
943,2,1,1,3,"50,79",5,"266,6475",2019-02-19 00:00:00,1,"12,6975","5,3",2019-02-19 14:53:00
944,2,0,1,3,"10,08",7,"74,088",2019-03-28 00:00:00,0,"3,528","4,2",2019-03-28 20:14:00
945,2,1,0,0,"93,88",7,"690,018",2019-01-05 00:00:00,1,"32,858","7,3",2019-01-05 11:51:00
946,1,0,1,0,"84,25",2,"176,925",2019-03-26 00:00:00,1,"8,425","5,3",2019-03-26 14:13:00
947,0,0,1,1,"53,78",1,"56,469",2019-02-03 00:00:00,2,"2,689","4,7",2019-02-03 20:13:00
948,1,0,1,4,"35,81",5,"188,0025",2019-02-06 00:00:00,2,"8,9525","7,9",2019-02-06 18:44:00
949,0,1,0,2,"26,43",8,"222,012",2019-02-24 00:00:00,2,"10,572","8,9",2019-02-24 14:26:00
950,0,0,1,3,"39,91",3,"125,7165",2019-02-21 00:00:00,2,"5,9865","9,3",2019-02-21 12:40:00
951,0,0,0,4,"21,9",3,"68,985",2019-01-09 00:00:00,2,"3,285","4,7",2019-01-09 18:43:00
952,0,0,0,2,"62,85",4,"263,97",2019-02-25 00:00:00,2,"12,57","8,7",2019-02-25 13:22:00
953,1,0,0,2,"21,04",4,"88,368",2019-01-13 00:00:00,0,"4,208","7,6",2019-01-13 13:58:00
954,0,0,1,4,"65,91",6,"415,233",2019-02-09 00:00:00,0,"19,773","5,7",2019-02-09 11:45:00
955,2,1,0,1,"42,57",7,"312,8895",2019-01-06 00:00:00,0,"14,8995","6,8",2019-01-06 11:51:00
956,1,0,1,2,"50,49",9,"477,1305",2019-01-10 00:00:00,0,"22,7205","5,4",2019-01-10 17:16:00
957,0,1,1,0,"46,02",6,"289,926",2019-02-07 00:00:00,0,"13,806","7,1",2019-02-07 15:55:00
958,1,1,0,4,"15,8",10,"165,9",2019-01-09 00:00:00,0,"7,9","7,8",2019-01-09 12:07:00
959,2,0,0,2,"98,66",9,"932,337",2019-02-19 00:00:00,0,"44,397","8,4",2019-02-19 15:07:00
960,1,0,1,1,"91,98",1,"96,579",2019-03-18 00:00:00,0,"4,599","9,8",2019-03-18 15:29:00
961,2,0,1,0,"20,89",2,"43,869",2019-02-05 00:00:00,0,"2,089","9,8",2019-02-05 18:45:00
962,2,1,0,1,"15,5",1,"16,275",2019-03-19 00:00:00,1,"0,775","7,4",2019-03-19 15:23:00
963,1,0,1,0,"96,82",3,"304,983",2019-03-30 00:00:00,0,"14,523","6,7",2019-03-30 20:37:00
964,0,1,1,2,"33,33",2,"69,993",2019-01-26 00:00:00,1,"3,333","6,4",2019-01-26 14:41:00
965,0,1,0,0,"38,27",2,"80,367",2019-03-02 00:00:00,1,"3,827","5,8",2019-03-02 18:18:00
966,2,1,0,4,"33,3",9,"314,685",2019-03-04 00:00:00,2,"14,985","7,2",2019-03-04 15:27:00
967,2,0,1,4,"81,01",3,"255,1815",2019-01-13 00:00:00,1,"12,1515","9,3",2019-01-13 12:55:00
968,2,1,0,3,"15,8",3,"49,77",2019-03-25 00:00:00,0,"2,37","9,5",2019-03-25 18:02:00
969,0,0,0,0,"34,49",5,"181,0725",2019-03-11 00:00:00,1,"8,6225",9,2019-03-11 19:44:00
970,0,0,0,2,"84,63",10,"888,615",2019-01-01 00:00:00,1,"42,315",9,2019-01-01 11:36:00
971,0,0,1,4,"36,91",7,"271,2885",2019-02-10 00:00:00,2,"12,9185","6,7",2019-02-10 13:51:00
972,0,1,1,0,"87,08",7,"640,038",2019-01-26 00:00:00,0,"30,478","5,5",2019-01-26 15:17:00
973,2,1,1,4,"80,08",3,"252,252",2019-02-11 00:00:00,0,"12,012","5,4",2019-02-11 15:29:00
974,1,1,1,1,"86,13",2,"180,873",2019-02-07 00:00:00,0,"8,613","8,2",2019-02-07 17:59:00
975,0,0,1,1,"49,92",2,"104,832",2019-03-06 00:00:00,1,"4,992",7,2019-03-06 11:55:00
976,2,1,0,2,"74,66",4,"313,572",2019-03-04 00:00:00,0,"14,932","8,5",2019-03-04 10:39:00
977,0,0,1,2,"26,6",6,"167,58",2019-02-26 00:00:00,2,"7,98","4,9",2019-02-26 15:10:00
978,0,1,0,0,"25,45",1,"26,7225",2019-03-10 00:00:00,1,"1,2725","5,1",2019-03-10 18:10:00
979,0,1,0,2,"67,77",1,"71,1585",2019-02-04 00:00:00,1,"3,3885","6,5",2019-02-04 20:43:00
980,1,0,1,2,"59,59",4,"250,278",2019-01-19 00:00:00,0,"11,918","9,8",2019-01-19 12:46:00
981,2,1,1,3,"58,15",4,"244,23",2019-01-23 00:00:00,0,"11,63","8,4",2019-01-23 17:44:00
982,2,0,0,5,"97,48",9,"921,186",2019-03-14 00:00:00,2,"43,866","7,4",2019-03-14 14:19:00
983,1,1,1,3,"99,96",7,"734,706",2019-01-23 00:00:00,0,"34,986","6,1",2019-01-23 10:33:00
984,1,1,1,0,"96,37",7,"708,3195",2019-01-09 00:00:00,0,"33,7295",6,2019-01-09 11:40:00
985,0,1,0,1,"63,71",5,"334,4775",2019-02-07 00:00:00,2,"15,9275","8,5",2019-02-07 19:30:00
986,0,1,0,3,"14,76",2,"30,996",2019-02-18 00:00:00,2,"1,476","4,3",2019-02-18 14:42:00
987,0,0,1,3,62,8,"520,8",2019-01-03 00:00:00,1,"24,8","6,2",2019-01-03 19:08:00
988,1,0,1,0,"82,34",10,"864,57",2019-03-29 00:00:00,2,"41,17","4,3",2019-03-29 19:12:00
989,0,0,1,3,"75,37",8,"633,108",2019-01-28 00:00:00,1,"30,148","8,4",2019-01-28 15:46:00
990,2,1,0,2,"56,56",5,"296,94",2019-03-22 00:00:00,1,"14,14","4,5",2019-03-22 19:06:00
991,0,1,0,5,"76,6",10,"804,3",2019-01-24 00:00:00,2,"38,3",6,2019-01-24 18:10:00
992,2,1,1,0,"58,03",2,"121,863",2019-03-10 00:00:00,2,"5,803","8,8",2019-03-10 20:46:00
993,0,1,1,1,"17,49",10,"183,645",2019-02-22 00:00:00,2,"8,745","6,6",2019-02-22 18:35:00
994,1,0,0,0,"60,95",1,"63,9975",2019-02-18 00:00:00,2,"3,0475","5,9",2019-02-18 11:40:00
995,1,1,1,3,"40,35",1,"42,3675",2019-01-29 00:00:00,2,"2,0175","6,2",2019-01-29 13:46:00
996,0,1,0,4,"97,38",10,"1022,49",2019-03-02 00:00:00,2,"48,69","4,4",2019-03-02 17:16:00
997,2,0,1,2,"31,84",1,"33,432",2019-02-09 00:00:00,0,"1,592","7,7",2019-02-09 13:22:00
998,2,1,1,4,"65,82",1,"69,111",2019-02-22 00:00:00,0,"3,291","4,1",2019-02-22 15:33:00
999,2,0,0,1,"88,34",7,"649,299",2019-02-18 00:00:00,0,"30,919","6,6",2019-02-18 13:28:00
